324 Main St,Massena,US,us/ny/massena/324mainst/-1161002137,44.9213,-74.89021,McDonald's,13662,NY,"http://mcdonalds.com,http://www.mcdonalds.com/?cid=RF:YXT_FM:TP::Yext:Referral"
530 Clinton Ave,Washington Court House,US,us/oh/washingtoncourthouse/530clintonave/-791445730,39.53255,-83.44526,Wendy's,43160,OH,http://www.wendys.com
408 Market Square Dr,Maysville,US,us/ky/maysville/408marketsquaredr/1051460804,38.62736,-83.79141,Frisch's Big Boy,41056,KY,"http://www.frischs.com,https://www.frischs.com/location/maysville-ky/"
6098 State Highway 37,Massena,US,us/ny/massena/6098statehighway37/-1161002137,44.95008,-74.84553,McDonald's,13662,NY,"http://mcdonalds.com,http://www.mcdonalds.com/?cid=RF:YXT_FM:TP::Yext:Referral"
139 Columbus Rd,Athens,US,us/oh/athens/139columbusrd/990890980,39.35155,-82.09728,OMG! Rotisserie,45701,OH,"http://www.omgrotisserie.com,http://omgrotisserie.com"
4182 Tonya Trl,Hamilton,US,us/oh/hamilton/4182tonyatrl/-1055723171,39.4176,-84.47641,Domino's Pizza,45011,OH,"https://www.dominos.com/en/?redirect=homepage,https://www.dominos.com/en/?redirect=homepageandutm_source=locallistingsandutm_medium=loclistandutm_campaign=localmaps,https://www.dominos.com/en/?redirect=homepageandutm_source=yextandutm_medium=loclistandutm_campaign=localmaps"
590 S Main St,Englewood,US,us/oh/englewood/590smainst/-1055723171,39.86969,-84.29358,Domino's Pizza,45322,OH,"https://www.dominos.com/en/?redirect=homepageandutm_source=locallistingsandutm_medium=loclistandutm_campaign=localmaps,https://www.dominos.com/en/?redirect=homepageandutm_source=yextandutm_medium=loclistandutm_campaign=localmaps"
401 N Jennings St,Saluda,US,us/sc/saluda/401njenningsst/-1161002137,34.00598,-81.7704,McDonald's,29138,SC,http://www.mcdonalds.com
205 W Church St,Batesburg,US,us/sc/batesburg/205wchurchst/-791445730,33.91335,-81.5333,Wendy's,29006,SC,http://www.wendys.com
2711 W. Kings Highway Ste. 18,Paragould,US,us/ar/paragould/2711wkingshighwayste18/-66712705,36.06107,-90.52325,Pizza Hut,72450,AR,http://www.pizzahut.com
613 W Center St,Sheridan,US,us/ar/sheridan/613wcenterst/1780593795,34.30687,-92.40784,SONIC Drive In,72150,AR,https://locations.sonicdrivein.com/ar/sheridan/613-w--center-street.html
512 Highway 425 S Lot B,Monticello,US,us/ar/monticello/512highway425slotb/-1055723171,33.61937,-91.80232,Domino's Pizza,71655,AR,"https://www.dominos.com/en/?redirect=homepage,https://www.dominos.com/en/?redirect=homepageandutm_source=locallistingsandutm_medium=loclistandutm_campaign=localmaps"
125 Towne Center Dr,Lexington,US,us/ky/lexington/125townecenterdr/-1055723171,38.06753,-84.53043,Domino's Pizza,40511,KY,"https://www.dominos.com/en/?redirect=homepageandutm_source=locallistingsandutm_medium=loclistandutm_campaign=localmaps,https://www.dominos.com/en/?redirect=homepage,https://www.dominos.com/en/?redirect=homepageandutm_source=yextandutm_medium=loclistandutm_campaign=localmaps"
66 14th St.,Tell City,US,us/in/tellcity/6614thst/1516016543,37.941032,-86.762115,Long John Silver's,47586,IN,http://www.ljsilvers.com
301 University Blvd,Louisville,US,us/ky/louisville/301universityblvd/-1161002137,38.21999,-85.764824,McDonald's,40208,KY,"http://mcdonalds.com,http://www.mcdonalds.com/?cid=RF:YXT_FM:TP::Yext:Referral"
5812 NW Expressway,Oklahoma City,US,us/ok/oklahomacity/5812nwexpressway/-1161002137,35.54815,-97.61717,McDonald's,73132,OK,"http://mcdonalds.com,http://www.mcdonalds.com/?cid=RF:YXT_FM:TP::Yext:Referral"
101 Thomas Garst Ln,Leland,US,us/nc/leland/101thomasgarstln/-864103396,34.23389,-77.99544,Taco Bell,28451,NC,"http://www.tacobell.com,https://locations.tacobell.com/nc/leland/101-thomas-garst-lane.html?utm_source=yextandutm_campaign=yextpowerlistingsandutm_medium=referralandutm_term=030564andutm_content=website"
1111 New Pointe Blvd,Leland,US,us/nc/leland/1111newpointeblvd/-1161002137,34.21188,-78.02454,McDonald's,28451,NC,"http://mcdonalds.com,http://www.mcdonalds.com/?cid=RF:YXT_FM:TP::Yext:Referral"
782 Old Hickory Blvd Ste 120,Brentwood,US,us/tn/brentwood/782oldhickoryblvdste120/-722952174,36.04222,-86.77995,Qdoba Mexican Grill,37027,TN,"http://www.qdoba.com,https://locations.qdoba.com/us/tn/brentwood/782-old-hickory-blvd.html"
108 Village Rd NE,Leland,US,us/nc/leland/108villagerdne/-1161002137,34.234477,-78.000649,McDonald's,28451,NC,"http://mcdonalds.com,http://www.mcdonalds.com/?cid=RF:YXT_FM:TP::Yext:Referral"
1116 Old Highway 60,Hardinsburg,US,us/ky/hardinsburg/1116oldhighway60/-1161002137,37.792641,-86.492762,McDonald's,40143,KY,"http://mcdonalds.com,http://www.mcdonalds.com/?cid=RF:YXT_FM:TP::Yext:Referral"
1423 Southwest Pkwy,Wichita Falls,US,us/tx/wichitafalls/1423southwestpkwy/-1161002137,33.85371,-98.50065,McDonald's,76302,TX,"http://www.mcdonalds.com/?cid=RF:YXT_FM:TP::Yext:Referral,http://mcdonalds.com"
908 Padre Blvd,South Padre Island,US,us/tx/southpadreisland/908padreblvd/-1161002137,26.09105,-97.1643,McDonald's,78597,TX,"http://www.mcdonalds.com/?cid=RF:YXT_FM:TP::Yext:Referral,http://mcdonalds.com"
1131n N Main St,Miami,US,us/ok/miami/1131nnmainst/-1161002137,36.88826,-94.87766,McDonald's,74354,OK,"http://www.mcdonalds.com/?cid=RF:YXT_FM:TP::Yext:Referral,http://mcdonalds.com"
3401 Hwy 165 North,Pineville,US,us/la/pineville/3401hwy165north/-66712705,31.3626,-92.41343,Pizza Hut,71360,LA,http://www.pizzahut.com
1631 E Madison Ave,Bastrop,US,us/la/bastrop/1631emadisonave/1780593795,32.77992,-91.89477,Sonic Drive-In,71220,LA,https://locations.sonicdrivein.com/la/bastrop/1631-e--madison.html
301 S Lynn Riggs Blvd,Claremore,US,us/ok/claremore/301slynnriggsblvd/-1055723171,36.31069,-95.61759,Domino's Pizza,74017,OK,"https://www.dominos.com/en/?redirect=homepage,https://www.dominos.com/en/?redirect=homepageandutm_source=locallistingsandutm_medium=loclistandutm_campaign=localmaps"
601 E Lincolnway,Minerva,US,us/oh/minerva/601elincolnway/-1161002137,40.732,-81.09812,McDonald's,44657,OH,"http://www.mcdonalds.com,http://www.mcdonalds.com/?cid=RF:YXT_FM:TP::Yext:Referral"
3211 S 4th St,Leavenworth,US,us/ks/leavenworth/3211s4thst/1780593795,39.28532,-94.90441,SONIC Drive In,66048,KS,https://locations.sonicdrivein.com/ks/leavenworth/3211-s-fourth-street.html
105 Business Loop W,Jamestown,US,us/nd/jamestown/105businessloopw/-864103396,46.898997,-98.707788,Taco Bell,58401,ND,"http://www.tacobell.com,https://locations.tacobell.com/nd/jamestown/105-business-loop-west.html?utm_source=yextandutm_campaign=yextpowerlistingsandutm_medium=referralandutm_term=019434andutm_content=website"
1531 University Dr S,Fargo,US,us/nd/fargo/1531universitydrs/-1055723171,46.85659,-96.79863,Domino's Pizza,58103,ND,"https://www.dominos.com/en/?redirect=homepage,https://www.dominos.com/en/?redirect=homepageandutm_source=locallistingsandutm_medium=loclistandutm_campaign=localmaps,https://www.dominos.com/en/?redirect=homepageandutm_source=yextandutm_medium=loclistandutm_campaign=localmaps"
718 10th St SE,Jamestown,US,us/nd/jamestown/71810thstse/-1009719089,46.89896,-98.6984,Taco John's,58401,ND,"https://www.tacojohns.com,http://locations.tacojohns.com/nd/jamestown/718-10th-street-se.html"
1400 24th Ave SW,Minot,US,us/nd/minot/140024thavesw/-1161002137,48.20858,-101.3128,McDonald's,58701,ND,"http://mcdonalds.com,http://www.mcdonalds.com/?cid=RF:YXT_FM:TP::Yext:Referral"
703 S Magnolia St,Woodville,US,us/tx/woodville/703smagnoliast/1832448210,30.76846,-94.41477,Whataburger,75979,TX,"https://locations.whataburger.com/tx/woodville/703-s--magnolia.html/?utm_source=yextpagesandutm_medium=locallistingsandutm_campaign=yextpages,https://locations.whataburger.com/tx/woodville/703-s--magnolia.html/"
1535 S Broadway,Minot,US,us/nd/minot/1535sbroadway/-66712705,48.219459,-101.296022,Pizza Hut,58701,ND,http://www.pizzahut.com
775 S Main St,Smithfield,US,us/ut/smithfield/775smainst/-1055723171,41.82069,-111.83318,Domino's Pizza,84335,UT,"https://www.dominos.com/en/?redirect=homepageandutm_source=locallistingsandutm_medium=loclistandutm_campaign=localmaps,https://www.dominos.com/en/?redirect=homepage,https://www.dominos.com/en/?redirect=homepageandutm_source=yextandutm_medium=loclistandutm_campaign=localmaps"
218 W Main St,Ada,US,us/ok/ada/218wmainst/-1173852384,34.77482,-96.68126,Hamburger King,74820,OK,
3208 S Elm Pl,Broken Arrow,US,us/ok/brokenarrow/3208selmpl/1780593795,36.01948,-95.79756,SONIC Drive In,74012,OK,https://locations.sonicdrivein.com/ok/broken-arrow/3208-s-elm-place.html
3056 Classen Blvd Unit A,Norman,US,us/ok/norman/3056classenblvdunita/-1055723171,35.18173,-97.41709,Domino's Pizza,73071,OK,"https://www.dominos.com/en/?redirect=homepage,https://www.dominos.com/en/?redirect=homepageandutm_source=locallistingsandutm_medium=loclistandutm_campaign=localmaps,https://www.dominos.com/en/?redirect=homepageandutm_source=yextandutm_medium=loclistandutm_campaign=localmaps"
982 Macon St,Warner Robins,US,us/ga/warnerrobins/982maconst/-2061630068,32.59495,-83.58338,Burger King,31098,GA,"http://www.bk.com,https://locations.bk.com/ga/warner-robins/982-macon-st.html,https://www.bk.com"
6060 San Mateo Blvd NE,Albuquerque,US,us/nm/albuquerque/6060sanmateoblvdne/-2061630068,35.144456,-106.585927,Burger King,87109,NM,"http://www.bk.com,https://locations.bk.com/nm/albuquerque/6060-san-mateo-ne.html,https://www.bk.com"
8401 Gateway Blvd W Ste M4,El Paso,US,us/tx/elpaso/8401gatewayblvdwstem4/-1161002137,31.77465,-106.38071,McDonalds,79925,TX,"http://mcdonalds.com,http://www.mcdonalds.com/?cid=RF:YXT_FM:TP::Yext:Referral"
450 N Harrison Ave,Shawnee,US,us/ok/shawnee/450nharrisonave/1780593795,35.33252,-96.91222,SONIC Drive In,74801,OK,https://locations.sonicdrivein.com/ok/shawnee/450-n--harrison.html
9455 SW Barbur Blvd,Portland,US,us/or/portland/9455swbarburblvd/-863563290,45.457027,-122.713696,Taco Time,97219,OR,http://www.tacotime.com/stores/6254
351 River Hill Dr,Ashland,US,us/ky/ashland/351riverhilldr/-1161002137,38.48554,-82.658096,McDonald's,41101,KY,"http://www.mcdonalds.com,http://www.mcdonalds.com/?cid=RF:YXT_FM:TP::Yext:Referral"
18000 Bagley Rd,Cleveland,US,us/oh/cleveland/18000bagleyrd/-2061630068,41.373042,-81.826072,Burger King,44130,OH,http://www.bk.com
3700 N 1st Ave,Evansville,US,us/in/evansville/3700n1stave/-1161002137,38.01322,-87.57549,McDonald's,47710,IN,"http://mcdonalds.com,http://www.mcdonalds.com/?cid=RF:YXT_FM:TP::Yext:Referral"
895 N Highway 77 Ste 300,Waxahachie,US,us/tx/waxahachie/895nhighway77ste300/-1947870258,32.41269,-96.84213,Jimmy John's,75165,TX,http://www.jimmyjohns.com
"95-1249 Meheula Parkway,",Mililani,US,us/hi/mililani/951249meheulaparkway/-1123076480,21.45311,-158.01738,Jersey Mike's Subs,96789,HI,"https://www.jerseymikes.com/44004,http://www.jerseymikes.com"
1625 Veterans Pkwy,Jeffersonville,US,us/in/jeffersonville/1625veteranspkwy/-624847056,38.32967,-85.74938,Popeyes Louisiana Kitchen,47130,IN,"http://www.popeyes.com,http://popeyes.com"
2730 S Hurstbourne Pkwy Suite 100,Louisville,US,us/ky/louisville/2730shurstbournepkwysuite100/-722952174,38.21234,-85.59548,Qdoba Mexican Grill,40220,KY,"http://www.qdoba.com,https://locations.qdoba.com/us/ky/louisville/2730-s-hurstbourne-pkwy.html"
5680 Commercial St SE Ste 100,Salem,US,us/or/salem/5680commercialstseste100/-1055723171,44.87205,-123.02243,Domino's Pizza,97306,OR,"https://www.dominos.com/en/?redirect=homepage,https://www.dominos.com/en/?redirect=homepageandutm_source=locallistingsandutm_medium=loclistandutm_campaign=localmaps"
2870 W Loop 1604 S,San Antonio,US,us/tx/sanantonio/2870wloop1604s/1832448210,29.4033,-98.70619,Whataburger,78245,TX,"https://locations.whataburger.com/tx/san-antonio/2870-w-loop-1604-s.html/,https://locations.whataburger.com/tx/san-antonio/2870-w-loop-1604-s.html/?utm_source=yextpagesandutm_medium=locallistingsandutm_campaign=yextpages"
1321 Herr Ln Ste 150,Louisville,US,us/ky/louisville/1321herrlnste150/-722952174,38.26897,-85.61074,Qdoba Mexican Grill,40222,KY,"https://locations.qdoba.com/us/ky/louisville/1321-herr-lane.html,http://www.qdoba.com"
100 Northside Dr,Bennington,US,us/vt/bennington/100northsidedr/-864103396,42.89413,-73.20316,Taco Bell,5201,VT,"http://www.tacobell.com,https://locations.tacobell.com/vt/bennington/100-northside-drive.html?utm_source=yextandutm_campaign=yextpowerlistingsandutm_medium=referralandutm_term=033371andutm_content=website"
6611 S Mo Pac Expy Ste B,Austin,US,us/tx/austin/6611smopacexpysteb/1832448210,30.22023,-97.83528,Whataburger,78749,TX,"https://locations.whataburger.com/tx/austin/6611-s-mo-pac-expy.html/,https://locations.whataburger.com/tx/austin/6611-s-mo-pac-expy.html/?utm_source=yextpagesandutm_medium=locallistingsandutm_campaign=yextpages"
9300 S Interstate 35 Bldg H,Austin,US,us/tx/austin/9300sinterstate35bldgh/1832448210,30.16525,-97.78887,Whataburger,78748,TX,"https://locations.whataburger.com/tx/austin/9300-s-interstate-35.html/,http://locations.whataburger.com"
315 N Stephenson Ave,Iron Mountain,US,us/mi/ironmountain/315nstephensonave/696490760,45.825755,-88.063121,Hardee's,49801,MI,http://www.hardees.com
2439 Springs Rd NE,Hickory,US,us/nc/hickory/2439springsrdne/-1161002137,35.75332,-81.28572,McDonald's,28601,NC,"http://www.mcdonalds.com,http://www.mcdonalds.com/?cid=RF:YXT_FM:TP::Yext:Referral"
9651 Natural Bridge Rd,Saint Louis,US,us/mo/saintlouis/9651naturalbridgerd/-938337463,38.72914,-90.34394,Rally's,63134,MO,"https://locations.rallys.com/mo/st.-louis/9651-natural-bridge-road,http://rallys.com"
1665 Dove Park Rd Ste 300,Mandeville,US,us/la/mandeville/1665doveparkrdste300/659024989,30.41178,-90.04186,Quiznos,70471,LA,http://restaurants.quiznos.com/la/mandeville/doveparkcommons-70471
225 Grant Ave,Auburn,US,us/ny/auburn/225grantave/-2061630068,42.94987,-76.54722,Burger King,13021,NY,"http://www.bk.com,https://locations.bk.com/ny/auburn/225-grant-ave.html"
5400 FM 1640 Rd Ste 500,Richmond,US,us/tx/richmond/5400fm1640rdste500/1832448210,29.55941,-95.76008,Whataburger,77469,TX,"https://locations.whataburger.com/tx/richmond/5400-fm-1640-rd.html/,https://locations.whataburger.com/tx/richmond/5400-fm-1640-rd.html/?utm_source=yextpagesandutm_medium=locallistingsandutm_campaign=yextpages"
2448 University Ave,Green Bay,US,us/wi/greenbay/2448universityave/-1055723171,44.51312,-87.96051,Domino's Pizza,54302,WI,"https://www.dominos.com/en/?redirect=homepage,https://www.dominos.com/en/?redirect=homepageandutm_source=locallistingsandutm_medium=loclistandutm_campaign=localmaps"
111 Commons Dr,Maumelle,US,us/ar/maumelle/111commonsdr/1780593795,34.84808,-92.40624,SONIC Drive In,72113,AR,https://locations.sonicdrivein.com/ar/maumelle/111-commons-drive.html
344 S Service Rd E,Sullivan,US,us/mo/sullivan/344sservicerde/-864103396,38.22303,-91.15696,Taco Bell,63080,MO,"http://www.tacobell.com,https://locations.tacobell.com/mo/sullivan/344-s-service-rd-e.html?utm_source=yextandutm_campaign=yextpowerlistingsandutm_medium=referralandutm_term=029633andutm_content=website"
6490 Memphis Arlington Rd Ste 103,Memphis,US,us/tn/memphis/6490memphisarlingtonrdste103/-1055723171,35.22655,-89.84786,Domino's Pizza,38135,TN,"https://www.dominos.com/en/?redirect=homepage,https://www.dominos.com/en/?redirect=homepageandutm_source=locallistingsandutm_medium=loclistandutm_campaign=localmaps"
2124 S 1st St,Yakima,US,us/wa/yakima/2124s1stst/-864103396,46.57144,-120.48825,Taco Bell,98903,WA,"https://locations.tacobell.com/wa/yakima/2124-s-1st-street.html?utm_source=yextandutm_campaign=yextpowerlistingsandutm_medium=referralandutm_term=030512andutm_content=website,http://www.tacobell.com"
482 Branson Landing Blvd Ste 105,Branson,US,us/mo/branson/482bransonlandingblvdste105/-1947870258,36.65075,-93.22026,Jimmy John's,65616,MO,http://www.jimmyjohns.com
406 S Thompson St,Springdale,US,us/ar/springdale/406sthompsonst/-864103396,36.182436,-94.138658,Taco Bell,72764,AR,"http://www.tacobell.com,https://locations.tacobell.com/ar/springdale/406-s--thompson.html?utm_source=yextandutm_campaign=yextpowerlistingsandutm_medium=referralandutm_term=003271andutm_content=website"
5094 Murfreesboro Rd Ste 1,La Vergne,US,us/tn/lavergne/5094murfreesborordste1/-1055723171,36.02074,-86.5812,Domino's Pizza,37086,TN,"https://www.dominos.com/en/?redirect=homepageandutm_source=locallistingsandutm_medium=loclistandutm_campaign=localmaps,https://www.dominos.com/en/?redirect=homepage"
801 S Vaughn Dr,Brusly,US,us/la/brusly/801svaughndr/-1161002137,30.387691,-91.25265,McDonald's,70719,LA,"http://www.mcdonalds.com/?cid=RF:YXT_FM:TP::Yext:Referral,http://mcdonalds.com"
5100 NC Highway 87 S Ste 102,Fayetteville,US,us/nc/fayetteville/5100nchighway87sste102/-1055723171,34.9297,-78.85668,Domino's Pizza,28306,NC,"https://www.dominos.com/en/?redirect=homepage,https://www.dominos.com/en/?redirect=homepageandutm_source=locallistingsandutm_medium=loclistandutm_campaign=localmaps,https://www.dominos.com/en/?redirect=homepageandutm_source=yextandutm_medium=loclistandutm_campaign=localmaps"
Co-Op City,Bronx,US,us/ny/bronx/opcity/-2061630068,40.8691,-73.8248,Burger King,10475,NY,http://www.bk.com
3898 Cleveland Hwy,Dalton,US,us/ga/dalton/3898clevelandhwy/-1161002137,34.89383,-84.94654,McDonalds,30721,GA,http://mcdonalds.com
1865 Blankenship Rd,West Linn,US,us/or/westlinn/1865blankenshiprd/-230519289,45.349698,-122.653281,Jack in the Box,97068,OR,http://www.jackinthebox.com
825 W 1100 S,Brigham City,US,us/ut/brighamcity/825w1100s/1780593795,41.48602,-112.02944,Sonic Drive-In,84302,UT,"https://locations.sonicdrivein.com/ut/brigham-city/825-west-1100-south.html,http://sonicdrivein.com"
955 S Main St,Brigham City,US,us/ut/brighamcity/955smainst/-864103396,41.49113,-112.01555,Taco Bell,84302,UT,"http://www.tacobell.com,https://locations.tacobell.com/ut/brigham-city/955-south-main-street.html?utm_source=yextandutm_campaign=yextpowerlistingsandutm_medium=referralandutm_term=020036andutm_content=website"
875 W 1150 S,Brigham City,US,us/ut/brighamcity/875w1150s/-891525969,41.48561,-112.02934,Subway,84302,UT,"http://www.subway.com,http://subway.com"
524 Indian Boundary Rd,Chesterton,US,us/in/chesterton/524indianboundaryrd/-1947870258,41.6165,-87.0439,Jimmy John's,46304,IN,http://www.jimmyjohns.com
801 University St,Martin,US,us/tn/martin/801universityst/-1161002137,36.3485,-88.87344,McDonald's,38237,TN,"http://www.mcdonalds.com/?cid=RF:YXT_FM:TP::Yext:Referral,http://mcdonalds.com"
2505 State Rd,La Crosse,US,us/wi/lacrosse/2505staterd/696490760,43.79609,-91.21769,Hardee's,54601,WI,http://www.hardees.com
1610 Sycamore View Rd,Memphis,US,us/tn/memphis/1610sycamoreviewrd/-1161002137,35.1694,-89.86479,McDonald's,38134,TN,"http://www.mcdonalds.com,http://www.mcdonalds.com/?cid=RF:YXT_FM:TP::Yext:Referral"
2437 George St,La Crosse,US,us/wi/lacrosse/2437georgest/-1161002137,43.85742,-91.23993,McDonald's,54603,WI,"http://mcdonalds.com,http://www.mcdonalds.com/?cid=RF:YXT_FM:TP::Yext:Referral"
813 N Central Ave,Marshfield,US,us/wi/marshfield/813ncentralave/-1009719089,44.674233,-90.168369,Taco John's,54449,WI,"https://www.tacojohns.com,http://locations.tacojohns.com/wi/marshfield/813-n-central-avenue.html"
1101 N Central Ave,Marshfield,US,us/wi/marshfield/1101ncentralave/-1161002137,44.67742,-90.16521,McDonald's,54449,WI,"http://mcdonalds.com,http://www.mcdonalds.com/?cid=RF:YXT_FM:TP::Yext:Referral"
4601 Northfield Rd,Cleveland,US,us/oh/cleveland/4601northfieldrd/-1065909473,41.433314,-81.523935,Mr Hero,44128,OH,http://www.mrhero.com
1601 W Lincoln Ave,Yakima,US,us/wa/yakima/1601wlincolnave/-1161002137,46.6039,-120.53093,McDonald's,98902,WA,"http://www.mcdonalds.com/?cid=RF:YXT_FM:TP::Yext:Referral,http://www.mcdonalds.com"
5706 W 7800 S,West Jordan,US,us/ut/westjordan/5706w7800s/-1161002137,40.60985,-112.0266,McDonald's,84081,UT,"http://www.mcdonalds.com,http://www.mcdonalds.com/?cid=RF:YXT_FM:TP::Yext:Referral"
1014 Highway 82 E,Indianola,US,us/ms/indianola/1014highway82e/-864103396,33.45785,-90.63563,Taco Bell,38751,MS,"http://www.tacobell.com,https://locations.tacobell.com/ms/indianola/1014-highway-82.html?utm_source=yextandutm_campaign=yextpowerlistingsandutm_medium=referralandutm_term=C412001andutm_content=website"
640 Huebner Rd,Fort Riley,US,us/ks/fortriley/640huebnerrd/-1055723171,39.0644,-96.79881,Domino's Pizza,66442,KS,"https://www.dominos.com/en/?redirect=homepage,https://www.dominos.com/en/?redirect=homepageandutm_source=locallistingsandutm_medium=loclistandutm_campaign=localmaps,https://www.dominos.com/en/?redirect=homepageandutm_source=yextandutm_medium=loclistandutm_campaign=localmaps"
1418 W Sunset Blvd,Saint George,US,us/ut/saintgeorge/1418wsunsetblvd/-864103396,37.122977,-113.613499,Taco Bell,84770,UT,"http://www.tacobell.com,https://locations.tacobell.com/ut/saint-george/1418-west-sunset-blvd.html?utm_source=yextandutm_campaign=yextpowerlistingsandutm_medium=referralandutm_term=025391andutm_content=website"
610 E Saint George Blvd,Saint George,US,us/ut/saintgeorge/610esaintgeorgeblvd/-864103396,37.109869,-113.570286,Taco Bell,84770,UT,"http://www.tacobell.com,https://locations.tacobell.com/ut/saint-george/610-east-st-george-blvd.html?utm_source=yextandutm_campaign=yextpowerlistingsandutm_medium=referralandutm_term=025385andutm_content=website"
4651 W 6th St,Lawrence,US,us/ks/lawrence/4651w6thst/-66712705,38.971514,-95.301449,Pizza Hut,66049,KS,http://www.pizzahut.com
5540 Old Cheney Rd,Lincoln,US,us/ne/lincoln/5540oldcheneyrd/1491689988,40.75546,-96.64543,Amigos/Kings Classic,68516,NE,"http://www.facebook.com/amigoskings,http://www.amigoskings.com"
7501 W 135th St,Overland Park,US,us/ks/overlandpark/7501w135thst/1876747914,38.88353,-94.672,Raising Cane's Chicken Fingers,66223,KS,http://raisingcanes.com
4204 Milan Rd,Sandusky,US,us/oh/sandusky/4204milanrd/-1161002137,41.41841,-82.67352,McDonalds,44870,OH,"http://mcdonalds.com,http://www.mcdonalds.com/?cid=RF:YXT_FM:TP::Yext:Referral"
6300 Gulf Fwy,La Marque,US,us/tx/lamarque/6300gulffwy/1832448210,29.3676,-94.97416,Whataburger,77568,TX,"https://locations.whataburger.com/tx/la-marque/6300-gulf-freeway.html/?utm_source=yextpagesandutm_medium=locallistingsandutm_campaign=yextpages,https://locations.whataburger.com/tx/la-marque/6300-gulf-freeway.html/"
170 E Taylor St,San Jose,US,us/ca/sanjose/170etaylorst/1412731209,37.350692,-121.896548,El Tarasco Mexican Food,95112,CA,
67740 Highway 111,Cathedral City,US,us/ca/cathedralcity/67740highway111/-981164808,33.78864,-116.48215,El Pollo Loco,92234,CA,"http://www.elpolloloco.com,http://elpolloloco.com"
5701 E La Palma Ave,Anaheim,US,us/ca/anaheim/5701elapalmaave/554191587,33.860074,-117.789762,Carl's Jr.,92807,CA,http://www.carlsjr.com
1120 S Haynes Ave,Miles City,US,us/mt/milescity/1120shaynesave/-1161002137,46.39768,-105.82252,McDonald's,59301,MT,"http://mcdonalds.com,http://www.mcdonalds.com/?cid=RF:YXT_FM:TP::Yext:Referral,http://api.citygridmedia.com/content/places/v2/click?q=9YKflVKbY9NauPJdMy0B1gS1IhB4xv4EWw0zDoT-UWc_izWF3zs5PKGdfOHubWrvM0QwDCYwbOH2fdLi0dK5xArULcksCCbfR-WWAz9xD1AmGVAQZIom4U3n5R4DuRC8WJCtvJcNItEKoCSfzwapuGnmwGnHDpEGYXGjnN4u8zXqkiimSHFf4_dbqGRbVgNJqFO6zhtsoqJoAOz2A-UMjWKh57z_q-4HE6L_XI98L_tmWhMmFppAYfRX1QKLOwmd86ABpevMnaraxKfPIwRIkkVkNr3yxZVyA8rdyTxHxDG_Xj_FxygZY9VW3jjAQxp_hr75--vqHhBs4l_MUgZ0l8pSVTwi7JjVni2IvqmbRau9iK4AwYPImsPOHUJ81HHvKQR3lQiHHNArou_3efyNxZTn5KgnaBCCtoOvVgEmrOL318n3ZoIOqx2tOY-VxUZI4AG9k0KEt-Sc823jHArmq1lG6liCckhk7L5KHmDarSLIbAvxdeGlKNrFxho4Dbko8ZJA5-eICeNIDFjXTAIkeOHwnsOaKS9q&placement=listing_profile&cs_user=unknown&cs_session=bf4b66a8a04fb6751bf28d69d2231075ecb1205a"
2505 W March Ln,Stockton,US,us/ca/stockton/2505wmarchln/-1161002137,37.98535,-121.33835,McDonald's,95207,CA,
3596 MT Diablo Blvd,Lafayette,US,us/ca/lafayette/3596mtdiabloblvd/-1322134216,37.891487,-122.12335,Baja Fresh,94549,CA,
2117 Main Street,Julian,US,us/ca/julian/2117mainstreet/-959215079,33.07805,-116.602018,Jacks Grocery,92036,CA,https://www.facebook.com/jacksgroceryjulian/
101 E Main St,Cut Bank,US,us/mt/cutbank/101emainst/-891525969,48.635608,-112.330932,Subway,59427,MT,"http://subway.com,http://www.subway.com"
1151 Partridge Pl Ste A,Helena,US,us/mt/helena/1151partridgeplstea/659024989,46.62154,-112.02211,Quiznos,59602,MT,http://restaurants.quiznos.com/mt/helena/skeltonaddition-59602
103 S 1st Ave,Laurel,US,us/mt/laurel/103s1stave/696490760,45.6673,-108.771,Hardee's,59044,MT,http://www.hardees.com
4109 2nd Ave N,Great Falls,US,us/mt/greatfalls/41092ndaven/-1055723171,47.5073,-111.237,Domino's Pizza,59405,MT,"https://www.dominos.com/en/?redirect=homepage,https://www.dominos.com/en/?redirect=homepageandutm_source=locallistingsandutm_medium=loclistandutm_campaign=localmaps,https://www.dominos.com/en/?redirect=homepageandutm_source=yextandutm_medium=loclistandutm_campaign=localmaps,https://www.dominos.com/en/?redirect=homepage&utm_source=yext&utm_medium=loclist&utm_campaign=localmaps"
521 S Main St,Meridian,US,us/id/meridian/521smainst/-1947870258,43.60024,-116.39225,Jimmy John's,83642,ID,http://www.jimmyjohns.com
3367 S Federal Way,Boise,US,us/id/boise/3367sfederalway/-66712705,43.57116,-116.18707,Pizza Hut,83705,ID,"https://www.pizzahut.com,http://www.pizzahut.com"
208 Appleway Ave,Coeur D Alene,US,us/id/coeurdalene/208applewayave/-1161002137,47.7005,-116.7881,McDonald's,83814,ID,"http://mcdonalds.com,http://www.mcdonalds.com/?cid=RF:YXT_FM:TP::Yext:Referral"
268 W Hanley Ave,Coeur D Alene,US,us/id/coeurdalene/268whanleyave/-864103396,47.7293,-116.78913,Taco Bell,83815,ID,"http://www.tacobell.com,https://locations.tacobell.com/id/coeur-d-alene/268-w-hanley-ave.html?utm_source=yextandutm_campaign=yextpowerlistingsandutm_medium=referralandutm_term=023490andutm_content=website,https://locations.tacobell.com/id/coeur-d-alene/268-w-hanley-ave.html?utm_source=yext&utm_campaign=yextpowerlistings&utm_medium=referral&utm_term=023490&utm_content=website"
208 Appleway Ave,Coeur D Alene,US,us/id/coeurdalene/208applewayave/-1161002137,47.7005,-116.7881,McDonald's,83814,ID,"http://mcdonalds.com,http://www.mcdonalds.com/?cid=RF:YXT_FM:TP::Yext:Referral"
268 W Hanley Ave,Coeur D Alene,US,us/id/coeurdalene/268whanleyave/-864103396,47.7293,-116.78913,Taco Bell,83815,ID,"http://www.tacobell.com,https://locations.tacobell.com/id/coeur-d-alene/268-w-hanley-ave.html?utm_source=yextandutm_campaign=yextpowerlistingsandutm_medium=referralandutm_term=023490andutm_content=website,https://locations.tacobell.com/id/coeur-d-alene/268-w-hanley-ave.html?utm_source=yext&utm_campaign=yextpowerlistings&utm_medium=referral&utm_term=023490&utm_content=website"
181 W Prairie Ave,Hayden,US,us/id/hayden/181wprairieave/93075755,47.74482,-116.78951,Arby's,83835,ID,"http://www.arbys.com,https://locations.arbys.com/us/id/hayden/181-w-prairie-ave.html,http://locations.arbys.com/us/id/hayden/181-w-prairie-ave.html"
2626 N Government Way,Coeur D Alene,US,us/id/coeurdalene/2626ngovernmentway/-1947870258,47.70162,-116.78547,Jimmy John's,83815,ID,http://www.jimmyjohns.com
3904 E Mullan Ave Ste D,Post Falls,US,us/id/postfalls/3904emullanavested/-1055723171,47.71531,-116.89515,Domino's Pizza,83854,ID,"https://www.dominos.com/en/?redirect=homepage,https://www.dominos.com/en/?redirect=homepageandutm_source=locallistingsandutm_medium=loclistandutm_campaign=localmaps,https://www.dominos.com/en/?redirect=homepage&utm_source=yext&utm_medium=loclist&utm_campaign=localmaps"
2421 Plaza St,Rawlins,US,us/wy/rawlins/2421plazast/-864103396,41.79303,-107.21121,Taco Bell,82301,WY,"https://locations.tacobell.com/wy/rawlins/2421-plaza-street.html?utm_source=yextandutm_campaign=yextpowerlistingsandutm_medium=referralandutm_term=023086andutm_content=website,http://www.tacobell.com"
2850 W University Dr,Denton,US,us/tx/denton/2850wuniversitydr/-1161002137,33.232883,-97.17022,McDonald's,76201,TX,http://mcdonalds.com
118 North Highway 281,Falfurrias,US,us/tx/falfurrias/118northhighway281/-1161002137,27.22695,-98.13984,McDonald's,78355,TX,http://www.mcdonalds.com
525 4th St NW,Faribault,US,us/mn/faribault/5254thstnw/-1161002137,44.29435,-93.27751,McDonald's,55021,MN,"http://www.mcdonalds.com,http://www.mcdonalds.com/?cid=RF:YXT_FM:TP::Yext:Referral"
594 Middle Country Rd,Saint James,US,us/ny/saintjames/594middlecountryrd/106088,40.8596,-73.1611,KFC,11780,NY,http://www.kfc.com
16758 Highway 280,Chelsea,US,us/al/chelsea/16758highway280/-1161002137,33.348263,-86.63212,McDonald's,35043,AL,http://mcdonalds.com
1535 S Main St,Chelsea,US,us/mi/chelsea/1535smainst/-1161002137,42.29871,-84.02412,McDonalds,48118,MI,"http://mcdonalds.com,http://www.mcdonalds.com/?cid=RF:YXT_FM:TP::Yext:Referral"
3103 E Grand Ave,Laramie,US,us/wy/laramie/3103egrandave/-791445730,41.309,-105.5564,Wendy's,82070,WY,http://www.wendys.com
99 Paul Carr Dr,Checotah,US,us/ok/checotah/99paulcarrdr/-1161002137,35.47151,-95.53714,McDonald's,74426,OK,"http://www.mcdonalds.com/?cid=RF:YXT_FM:TP::Yext:Referral,http://mcdonalds.com"
3112 S Glen Ave,Glenwood Springs,US,us/co/glenwoodsprings/3112sglenave/-1161002137,39.5195,-107.32003,Mcdonald's,81601,CO,"http://mcdonalds.com,http://www.mcdonalds.com/?cid=RF:YXT_FM:TP::Yext:Referral"
1312 Murfreesboro Rd,Franklin,US,us/tn/franklin/1312murfreesborord/1082608893,35.91445,-86.82668,Waffle House,37064,TN,https://locations.wafflehouse.com/tn-franklin-483
1995 Idaho St,Elko,US,us/nv/elko/1995idahost/-1161002137,40.84733,-115.74904,Mcdonalds,89801,NV,"http://www.mcdonalds.com,http://www.mcdonalds.com/?cid=RF:YXT_FM:TP::Yext:Referral"
5336 N Croatan Hwy,Kitty Hawk,US,us/nc/kittyhawk/5336ncroatanhwy/-1161002137,36.09857,-75.71965,McDonald's,27949,NC,"http://mcdonalds.com,http://www.mcdonalds.com/?cid=RF:YXT_FM:TP::Yext:Referral"
2540 Mountain City Hwy,Elko,US,us/nv/elko/2540mountaincityhwy/-1161002137,40.83855,-115.79033,McDonald's,89801,NV,"http://mcdonalds.com,http://www.mcdonalds.com/?cid=RF:YXT_FM:TP::Yext:Referral"
801 Dillingham Blvd,Honolulu,US,us/hi/honolulu/801dillinghamblvd/-1484634184,21.31804,-157.8695,Yellow Cab Pizza Co.,96817,HI,http://www.yellowcabpizzahawaii.com
1540 E Highway 372,Pahrump,US,us/nv/pahrump/1540ehighway372/106088,36.2067,-115.9907,KFC,89048,NV,http://www.kfc.com
1979 E 16th St,Yuma,US,us/az/yuma/1979e16thst/-448666054,32.69791,-114.60016,Five Guys,85365,AZ,http://fiveguys.com
3475 Construction Way,Winnemucca,US,us/nv/winnemucca/3475constructionway/-864103396,40.95463,-117.74868,Taco Bell,89445,NV,"https://locations.tacobell.com/nv/winnemucca/3475-construction-way.html?utm_source=yextandutm_campaign=yextpowerlistingsandutm_medium=referralandutm_term=029348andutm_content=website,http://www.tacobell.com,https://locations.tacobell.com/nv/winnemucca/3475-construction-way.html?utm_source=yext&utm_campaign=yextpowerlistings&utm_medium=referral&utm_term=029348&utm_content=website"
700 Haddonfield Berlin Rd,Voorhees,US,us/nj/voorhees/700haddonfieldberlinrd/-448666054,39.84979,-74.97986,Five Guys,8043,NJ,http://fiveguys.com
6441 Lee Hwy,Warrenton,US,us/va/warrenton/6441leehwy/-448666054,38.73347,-77.7714,Five Guys,20187,VA,http://fiveguys.com
695 Commonwealth Dr,Norton,US,us/va/norton/695commonwealthdr/1780593795,36.95838,-82.60482,Sonic Drive-In,24273,VA,https://locations.sonicdrivein.com/va/norton/695-commonwealth-drive.html
5040 Rutgers St NW Bldg B,Roanoke,US,us/va/roanoke/5040rutgersstnwbldgb/1780593795,37.31595,-79.96411,Sonic Drive-In,24012,VA,https://locations.sonicdrivein.com/va/roanoke/5040-rutgers-blvd--bldg-b.html
3555 Franklin Rd SW,Roanoke,US,us/va/roanoke/3555franklinrdsw/1780593795,37.23664,-79.96995,Sonic Drive-In,24014,VA,"https://locations.sonicdrivein.com/va/roanoke/3555-franklin-road-sw.html,https://locations.sonicdrivein.com/va/roanoke/3555-franklin-road--s-w-.html"
706 E Atlantic St,South Hill,US,us/va/southhill/706eatlanticst/-2061630068,36.72093,-78.11898,Burger King,23970,VA,"https://locations.bk.com/va/south-hill/706-east-atlantic-ave.html,http://www.bk.com,https://www.bk.com"
1426 Bickford Ave,Snohomish,US,us/wa/snohomish/1426bickfordave/-2061630068,47.930048,-122.100946,Burger King,98290,WA,http://www.bk.com
285 N Mccarran Blvd,Sparks,US,us/nv/sparks/285nmccarranblvd/-2061630068,39.53613,-119.73723,Burger King,89431,NV,"http://www.bk.com,https://locations.bk.com/nv/sparks/285-north-mccarren-blvd.html"
5701 Backlick Rd,Springfield,US,us/va/springfield/5701backlickrd/-2061630068,38.79644,-77.18538,Burger King,22151,VA,http://www.bk.com
42750 Jackson St Bldg A,Indio,US,us/ca/indio/42750jacksonstbldga/106088,33.73866,-116.215096,KFC,92203,CA,http://www.kfc.com
2951 E Overland Rd Ste 100,Meridian,US,us/id/meridian/2951eoverlandrdste100/-1947870258,43.58983,-116.35757,Jimmy John's,83642,ID,http://www.jimmyjohns.com
913 E Fort Union Blvd,Midvale,US,us/ut/midvale/913efortunionblvd/-1947870258,40.62232,-111.865326,Jimmy John's,84047,UT,http://www.jimmyjohns.com
45 Farrell Rd,Rutland,US,us/vt/rutland/45farrellrd/-864103396,43.58408,-72.96861,Taco Bell,5701,VT,"http://www.tacobell.com,https://locations.tacobell.com/vt/rutland/45-farrell-road.html?utm_source=yextandutm_campaign=yextpowerlistingsandutm_medium=referralandutm_term=026367andutm_content=website"
US Highway 58 221,Hillsville,US,us/va/hillsville/ushighway58221/-2061630068,36.7508,-80.7494,Burger King,24343,VA,"https://locations.bk.com/va/hillsville/us-highway-58---221.html,http://www.bk.com"
26 Railroad St,Saint Johnsbury,US,us/vt/saintjohnsbury/26railroadst/-891525969,44.412902,-72.01748,Subway,5819,VT,http://www.subway.com
7750 Okeechobee Blvd,West Palm Beach,US,us/fl/westpalmbeach/7750okeechobeeblvd/-1947870258,26.7072,-80.165,Jimmy John's,33411,FL,http://www.jimmyjohns.com
6405 S Virginia St,Reno,US,us/nv/reno/6405svirginiast/-891525969,39.466673,-119.786199,Subway,89511,NV,"http://www.subway.com,http://subway.com"
8200 Parkway Dr,La Mesa,US,us/ca/lamesa/8200parkwaydr/-345832572,32.7765,-117.0203,Chick-Fil-A,91942,CA,http://www.chick-fil-a.com/grossmont
1625 County Road 210 W,Saint Johns,US,us/fl/saintjohns/1625countyroad210w/-1161002137,30.06602,-81.49424,McDonald's,32259,FL,http://www.mcdonalds.com/?cid=RF:YXT_FM:TP::Yext:Referral
700 West Pacific Coast Hwy,Newport Beach,US,us/ca/newportbeach/700westpacificcoasthwy/-1161002137,33.6163,-117.9105,McDonald's,92660,CA,"http://mcdonalds.com,http://www.mcdonalds.com/?cid=RF:YXT_FM:TP::Yext:Referral"
112 French Ave,Sanford,US,us/fl/sanford/112frenchave/-1161002137,28.8111,-81.2736,McDonald's,32771,FL,"http://mcdonalds.com,http://www.mcdonalds.com/?cid=RF:YXT_FM:TP::Yext:Referral"
1445 W Sunrise Blvd,Fort Lauderdale,US,us/fl/fortlauderdale/1445wsunriseblvd/-2061630068,26.13665,-80.161384,Burger King,33311,FL,"https://locations.bk.com/fl/fort-lauderdale/1445-west-sunrise-blvd.html,http://www.bk.com"
2901 W Commercial Blvd,Fort Lauderdale,US,us/fl/fortlauderdale/2901wcommercialblvd/-2061630068,26.18683,-80.1841,Burger King,33309,FL,"http://www.bk.com,https://locations.bk.com/fl/fort-lauderdale/2901-w-commercial-blvd.html"
8091 S Orange Ave,Orlando,US,us/fl/orlando/8091sorangeave/-2061630068,28.451932,-81.362379,Burger King,32809,FL,http://www.bk.com
1106 Ponce De Leon Blvd,Saint Augustine,US,us/fl/saintaugustine/1106poncedeleonblvd/-1161002137,29.9028,-81.32,McDonald's,32084,FL,"http://mcdonalds.com,http://www.mcdonalds.com/?cid=RF:YXT_FM:TP::Yext:Referral"
3800 4th St N,Saint Petersburg,US,us/fl/saintpetersburg/38004thstn/-2061630068,27.8067,-82.6387,Burger King,33703,FL,http://www.bk.com
11150 Sr 64,Bradenton,US,us/fl/bradenton/11150sr64/-1161002137,27.4847,-82.4313,McDonald's,34212,FL,"http://mcdonalds.com,http://www.mcdonalds.com/?cid=RF:YXT_FM:TP::Yext:Referral"
498 Havendale Blvd,Auburndale,US,us/fl/auburndale/498havendaleblvd/-1161002137,28.0535,-81.7766,McDonald's,33823,FL,"http://mcdonalds.com,http://www.mcdonalds.com/?cid=RF:YXT_FM:TP::Yext:Referral"
855 W State Rd,Pleasant Grove,US,us/ut/pleasantgrove/855wstaterd/1780593795,40.3661,-111.75341,SONIC Drive In,84062,UT,http://sonicdrivein.com
2316 Mount Rushmore Rd,Rapid City,US,us/sd/rapidcity/2316mountrushmorerd/1780593795,44.0629,-103.23203,Sonic Drive In,57701,SD,https://locations.sonicdrivein.com/sd/rapid-city/2316-mount-rushmore-road.html
2700 Mount Rushmore Rd,Rapid City,US,us/sd/rapidcity/2700mountrushmorerd/-864103396,44.05863,-103.23139,Taco Bell,57701,SD,"http://www.tacobell.com,https://locations.tacobell.com/sd/rapid-city/2700-mt-rushmore-road.html?utm_source=yextandutm_campaign=yextpowerlistingsandutm_medium=referralandutm_term=027882andutm_content=website"
1517 S Minnesota Ave,Sioux Falls,US,us/sd/siouxfalls/1517sminnesotaave/-84286053,43.53146,-96.7317,Slim Chickens,57105,SD,http://slimchickens.com
5642 W 7800 S,West Jordan,US,us/ut/westjordan/5642w7800s/-1055723171,40.60958,-112.02424,Domino's Pizza,84081,UT,"https://www.dominos.com/en/?redirect=homepage,https://www.dominos.com/en/?redirect=homepageandutm_source=yextandutm_medium=loclistandutm_campaign=localmaps"
1145 Jensen Hwy,Hot Springs,US,us/sd/hotsprings/1145jensenhwy/-1009719089,43.422072,-103.463267,Taco John's,57747,SD,"https://www.tacojohns.com,http://locations.tacojohns.com/sd/hot-springs/1145-jensen-highway.html"
1710 Cambell St,Rapid City,US,us/sd/rapidcity/1710cambellst/-1009719089,44.069534,-103.191684,Taco John's,57701,SD,http://locations.tacojohns.com/sd/rapid-city/1710-cambell-street.html
902 E North St,Rapid City,US,us/sd/rapidcity/902enorthst/-864103396,44.08781,-103.19631,Taco Bell,57701,SD,"http://www.tacobell.com,https://locations.tacobell.com/sd/rapid-city/902-e--north-street.html?utm_source=yextandutm_campaign=yextpowerlistingsandutm_medium=referralandutm_term=027881andutm_content=website"
2730 W 3500 S,Salt Lake City,US,us/ut/saltlakecity/2730w3500s/-66712705,40.696875,-111.958989,Pizza Hut,84119,UT,http://www.pizzahut.com
1057 Main St,Sturgis,US,us/sd/sturgis/1057mainst/-1055723171,44.41474,-103.51054,Domino's Pizza,57785,SD,"https://www.dominos.com/en/?redirect=homepage,https://www.dominos.com/en/?redirect=homepageandutm_source=locallistingsandutm_medium=loclistandutm_campaign=localmaps,https://www.dominos.com/en/?redirect=homepageandutm_source=yextandutm_medium=loclistandutm_campaign=localmaps"
4095 E Pony Express Pkwy Ste 4,Eagle Mountain,US,us/ut/eaglemountain/4095eponyexpresspkwyste4/-1055723171,40.3472,-111.9888,Domino's Pizza,84005,UT,"https://www.dominos.com/en/?redirect=homepage,https://www.dominos.com/en/?redirect=homepageandutm_source=locallistingsandutm_medium=loclistandutm_campaign=localmaps,https://www.dominos.com/en/?redirect=homepageandutm_source=yextandutm_medium=loclistandutm_campaign=localmaps"
2300 6th Ave SE,Aberdeen,US,us/sd/aberdeen/23006thavese/-1009719089,45.459157,-98.45564,Taco John's,57401,SD,http://locations.tacojohns.com/sd/aberdeen/2300-se-6th-avenue.html
2882 Dickson Dr,Sturgis,US,us/sd/sturgis/2882dicksondr/93075755,44.39277,-103.501601,Arby's,57785,SD,"http://www.arbys.com,https://locations.arbys.com/us/sd/sturgis/2882-dickson-dr-.html,http://locations.arbys.com/us/sd/sturgis/2882-dickson-dr-.html"
821 E Highway 44,Winner,US,us/sd/winner/821ehighway44/-891525969,43.3765,-99.84679,SUBWAY,57580,SD,http://www.subway.com
5745 Harrison Blvd,Ogden,US,us/ut/ogden/5745harrisonblvd/-1161002137,41.157761,-111.93974,McDonald's,84403,UT,"http://mcdonalds.com,http://www.mcdonalds.com/?cid=RF:YXT_FM:TP::Yext:Referral"
7440 6th St Bldg 420,Hill Afb,US,us/ut/hillafb/74406thstbldg420/-1055723171,41.11039,-111.98088,Domino's Pizza,84056,UT,"https://www.dominos.com/en/?redirect=homepage,https://www.dominos.com/en/?redirect=homepageandutm_source=locallistingsandutm_medium=loclistandutm_campaign=localmaps,https://www.dominos.com/en/?redirect=homepageandutm_source=yextandutm_medium=loclistandutm_campaign=localmaps"
24 9th Ave SE,Watertown,US,us/sd/watertown/249thavese/-1009719089,44.890139,-97.118105,Taco John's,57201,SD,"https://www.tacojohns.com,http://locations.tacojohns.com/sd/watertown/24-9th-avenue-se.html"
509 W 500 S,Bountiful,US,us/ut/bountiful/509w500s/-864103396,40.88416,-111.89258,Taco Bell,84010,UT,"https://locations.tacobell.com/ut/bountiful/509-west-500-south.html?utm_source=yextandutm_campaign=yextpowerlistingsandutm_medium=referralandutm_term=004062andutm_content=website,http://www.tacobell.com"
1866 N 2000 W,Clearfield,US,us/ut/clearfield/1866n2000w/-1161002137,41.14085,-112.06388,McDonald's,84015,UT,"http://mcdonalds.com,http://www.mcdonalds.com/?cid=RF:YXT_FM:TP::Yext:Referral"
1521 S Burr St,Mitchell,US,us/sd/mitchell/1521sburrst/-1161002137,43.69599,-98.01628,McDonald's,57301,SD,"http://mcdonalds.com,http://www.mcdonalds.com/?cid=RF:YXT_FM:TP::Yext:Referral"
610 W 2600 S,Bountiful,US,us/ut/bountiful/610w2600s/-1161002137,40.86171,-111.8954,McDonald's,84010,UT,"http://mcdonalds.com,http://www.mcdonalds.com/?cid=RF:YXT_FM:TP::Yext:Referral"
5586 S Redwood Rd,Salt Lake City,US,us/ut/saltlakecity/5586sredwoodrd/-1947870258,40.64971,-111.93909,Jimmy John's,84123,UT,http://www.jimmyjohns.com
3891 W 5400 S,Salt Lake City,US,us/ut/saltlakecity/3891w5400s/-1947870258,40.65294,-111.98338,Jimmy John's,84129,UT,http://www.jimmyjohns.com
406 E Hickory St,Sisseton,US,us/sd/sisseton/406ehickoryst/-1009719089,45.660161,-97.046164,Taco John's,57262,SD,"https://www.tacojohns.com,http://locations.tacojohns.com/sd/sisseton/406-e-hickory-street.html"
6250 Central Ave,Capitol Heights,US,us/md/capitolheights/6250centralave/-864103396,38.886166,-76.902839,Taco Bell,20743,MD,"http://www.tacobell.com,https://locations.tacobell.com/md/capitol-heights/6250-central-ave.html?utm_source=yext&utm_campaign=yextpowerlistings&utm_medium=referral&utm_term=028956&utm_content=website,https://locations.tacobell.com/md/capitol-heights/6250-central-ave.html?utm_source=yextandutm_campaign=yextpowerlistingsandutm_medium=referralandutm_term=028956andutm_content=website"
754 S Val Vista Dr Ste 103,Gilbert,US,us/az/gilbert/754svalvistadrste103/-1055723171,33.33657,-111.75707,Domino's Pizza,85296,AZ,"https://www.dominos.com/en/?redirect=homepage,https://www.dominos.com/en/?redirect=homepageandutm_source=yextandutm_medium=loclistandutm_campaign=localmaps"
4777 Marlboro Pike,Capitol Heights,US,us/md/capitolheights/4777marlboropike/-1161002137,38.87348,-76.93148,McDonald's,20743,MD,"http://mcdonalds.com,http://www.mcdonalds.com/?cid=RF:YXT_FM:TP::Yext:Referral"
818 S Watson Rd,Buckeye,US,us/az/buckeye/818swatsonrd/-1947870258,33.43933,-112.55656,Jimmy John's,85326,AZ,http://www.jimmyjohns.com
727 E Memorial Blvd,Lakeland,US,us/fl/lakeland/727ememorialblvd/-864103396,28.05464,-81.94988,Taco Bell,33801,FL,"http://www.tacobell.com,https://locations.tacobell.com/fl/lakeland/727-e--memorial-boulevard.html?utm_source=yextandutm_campaign=yextpowerlistingsandutm_medium=referralandutm_term=G135049andutm_content=website,http://tacobell.com"
901 971 W Davis St,Conroe,US,us/tx/conroe/901971wdavisst/-1161002137,30.313144762,-95.468640025,Mcdonalds,77301,TX,
102 Main St,Gorham,US,us/me/gorham/102mainst/-2061630068,43.680858,-70.439336,Burger King,4038,ME,"http://www.bk.com,https://locations.bk.com/me/gorham/102-main-st.html,http://bk.com"
3390 Coachman Rd,Saint Paul,US,us/mn/saintpaul/3390coachmanrd/-891525969,44.833965,-93.179565,Subway,55121,MN,http://www.subway.com
545 Minot Ave,Auburn,US,us/me/auburn/545minotave/-891525969,44.08265,-70.24817,Subway,4210,ME,"http://www.subway.com,http://subway.com"
27 Washington Ave,Portland,US,us/me/portland/27washingtonave/267504952,43.664435,-70.251464,7-Eleven,4101,ME,http://7-eleven.com/?yext=32532
2090 Mill St,Reno,US,us/nv/reno/2090millst/-487939290,39.52071,-119.78585,Scoopers,89502-1514,NV,http://scoopers.ewbz.net
7500 W Chester Pike,Upper Darby,US,us/pa/upperdarby/7500wchesterpike/106088,39.963943,-75.270197,Kfc,19082,PA,"http://tacobell.com,http://kfc.com"
915 Wyoming Ave,Wyoming,US,us/pa/wyoming/915wyomingave/-1161002137,41.300125,-75.857001,McDonald's,18644,PA,http://mcdonalds.com
100 E Swedesford Rd,Exton,US,us/pa/exton/100eswedesfordrd/-1161002137,40.033555177,-75.632858941,McDonald's,19341,PA,http://mcdonalds.com
8301 Flatlands Ave,Brooklyn,US,us/ny/brooklyn/8301flatlandsave/-96666155,40.63701,-73.91112,Baskin-Robbins,11236,NY,"http://www.baskinrobbins.com/,http://baskinrobbins.com"
70 Buckwalter Rd,Royersford,US,us/pa/royersford/70buckwalterrd/-345832572,40.19825406,-75.52602369,Chick-fil-a,19468,PA,http://chick-fil-a.com/royersford
4834 Lancaster Ave,Philadelphia,US,us/pa/philadelphia/4834lancasterave/106088,39.972779,-75.21823,Kfc,19131,PA,http://kfc.com
488 State Route 940 Routes 940 80,White Haven,US,us/pa/whitehaven/488stateroute940routes94080/93075755,41.07,-75.7031,Arby's,18661,PA,"http://locations.arbys.com/us/pa/white-haven/488-state-route-940.html,http://www.arbys.com"
2805 Mountaineer Blvd,Charleston,US,us/wv/charleston/2805mountaineerblvd/-791445730,38.31874,-81.71796,Wendy's,25309,WV,http://www.wendys.com
101 New Stone Ridge Rd,Ripley,US,us/wv/ripley/101newstoneridgerd/-1161002137,38.82014,-81.72419,McDonald's,25271,WV,"http://www.mcdonalds.com/?cid=RF:YXT_FM:TP::Yext:Referral,http://www.mcdonalds.com"
161 Pike View Dr,Midlothian,US,us/va/midlothian/161pikeviewdr/-2061630068,37.51314,-77.69698,Burger King,23113,VA,"http://www.bk.com,https://locations.bk.com/va/midlothian/161-pike-view-dr.html"
1346 N Eisenhower Dr,Beckley,US,us/wv/beckley/1346neisenhowerdr/696490760,37.80343,-81.18203,Hardee's,25801,WV,http://www.hardees.com
909 Central Ave,Dover,US,us/nh/dover/909centralave/-791445730,43.218703,-70.883713,Wendy's,3820,NH,http://www.wendys.com
1120 S Haynes Ave,Miles City,US,us/mt/milescity/1120shaynesave/-1161002137,46.39768,-105.82252,McDonald's,59301,MT,"http://mcdonalds.com,http://www.mcdonalds.com/?cid=RF:YXT_FM:TP::Yext:Referral,http://api.citygridmedia.com/content/places/v2/click?q=9YKflVKbY9NauPJdMy0B1gS1IhB4xv4EWw0zDoT-UWc_izWF3zs5PKGdfOHubWrvM0QwDCYwbOH2fdLi0dK5xArULcksCCbfR-WWAz9xD1AmGVAQZIom4U3n5R4DuRC8WJCtvJcNItEKoCSfzwapuGnmwGnHDpEGYXGjnN4u8zXqkiimSHFf4_dbqGRbVgNJqFO6zhtsoqJoAOz2A-UMjWKh57z_q-4HE6L_XI98L_tmWhMmFppAYfRX1QKLOwmd86ABpevMnaraxKfPIwRIkkVkNr3yxZVyA8rdyTxHxDG_Xj_FxygZY9VW3jjAQxp_hr75--vqHhBs4l_MUgZ0l8pSVTwi7JjVni2IvqmbRau9iK4AwYPImsPOHUJ81HHvKQR3lQiHHNArou_3efyNxZTn5KgnaBCCtoOvVgEmrOL318n3ZoIOqx2tOY-VxUZI4AG9k0KEt-Sc823jHArmq1lG6liCckhk7L5KHmDarSLIbAvxdeGlKNrFxho4Dbko8ZJA5-eICeNIDFjXTAIkeOHwnsOaKS9q&placement=listing_profile&cs_user=unknown&cs_session=bf4b66a8a04fb6751bf28d69d2231075ecb1205a"
6910 Ritchie Hwy,Glen Burnie,US,us/md/glenburnie/6910ritchiehwy/-791445730,39.186102,-76.612795,Wendy's,21061,MD,http://www.wendys.com
1122 SE Hawthorne Blvd,Portland,US,us/or/portland/1122sehawthorneblvd/-2013151130,45.512000098,-122.653959646,"Burgerville, USA",97214,OR,http://www.burgerville.com
310 Daniel Webster Hwy,Nashua,US,us/nh/nashua/310danielwebsterhwy/387392632,42.701994,-71.440706,Sarku Japan,3060,NH,http://www.sarkujapan.com
3956 Guthrie St,East Chicago,US,us/in/eastchicago/3956guthriest/-477036959,41.64076,-87.433726787,White Castle,46312,IN,"http://www.whitecastle.com,http://whitecastle.com"
3823 Guess Rd,Durham,US,us/nc/durham/3823guessrd/2001384123,36.058624,-78.930378,Italian Pizzeria Restaurant,27705,NC,"http://www.durhamncpizza.com,http://durhamncpizza.com,http://www.italian-pizzeria.com"
3013 Peach Orchard Rd,Augusta,US,us/ga/augusta/3013peachorchardrd/-791445730,33.415257,-82.024531,Wendy's,30906,GA,"http://www.wendys.com,http://wendys.com"
678 Northwest Hwy,Cary,US,us/il/cary/678northwesthwy/787691191,42.2173,-88.2558,Lee's Oriental Martial Arts,60013,IL,http://www.mcdonalds.com
1708 Main St,Longmont,US,us/co/longmont/1708mainst/-448666054,40.18919,-105.10172,Five Guys,80501,CO,http://fiveguys.com
710 Lafayette Rd,Seabrook,US,us/nh/seabrook/710lafayetterd/-1161002137,42.89592,-70.87058,McDonald's,3874,NH,"http://mcdonalds.com,http://www.mcdonalds.com/?cid=RF:YXT_FM:TP::Yext:Referral"
29 Lafayette Rd,North Hampton,US,us/nh/northhampton/29lafayetterd/-1055723171,42.96446,-70.83484,Dominos Pizza,3862,NH,http://www.dominos.com
1111C S Willow St,Manchester,US,us/nh/manchester/1111cswillowst/174025806,42.96055,-71.43791,Papa Gino's,3103,NH,"http://www.papaginos.com,https://locations.papaginos.com/nh/manchester/1111c-south-willow-street.html?utm_source=yextandutm_medium=localandutm_campaign=listings,https://www.papaginos.com/?utm_source=yextandutm_medium=localandutm_campaign=listings"
22021 W 8 Mile Rd,Detroit,US,us/mi/detroit/22021w8milerd/-1161002137,42.443066,-83.25988,McDonald's,48219-1223,MI,http://mcdonalds.com
1107 E State Road 44,Shelbyville,US,us/in/shelbyville/1107estateroad44/-791445730,39.52044,-85.76001,Wendy's,46176,IN,http://www.wendys.com
310 Daniel Webster Hwy,Nashua,US,us/nh/nashua/310danielwebsterhwy/-345832572,42.701994,-71.440706,Chick-fil-A,3060,NH,http://www.chick-fil-a.com/pheasantlanemall
1266 US Highway 127 S,Frankfort,US,us/ky/frankfort/1266ushighway127s/-791445730,38.16841,-84.8997,Wendy's,40601,KY,http://www.wendys.com
2166 S Edwin C Moses Blvd,Dayton,US,us/oh/dayton/2166sedwincmosesblvd/-1161002137,39.73165,-84.20746,McDonald's,45417,OH,"http://www.mcdonalds.com/?cid=RF:YXT_FM:TP::Yext:Referral,http://api.citygridmedia.com/content/places/v2/click?q=9YKflVKbY9NauPJdMy0B1gS1IhB4xv4EWw0zDoT-UWc_izWF3zs5PKGdfOHubWrvM0QwDCYwbOH2fdLi0dK5xArULcksCCbfR-WWAz9xD1AmGVAQZIom4U3n5R4DuRC8WJCtvJcNItEKoCSfzwapuGnmwGnHDpEGYXGjnN4u8zXqkiimSHFf4_dbqGRbVgNJP0y0uTl_-to1Rccabax19erOWAGQOZ2tWR5sG0lEeoR2zs2Lvsp-PRO-biamvMepFOJtTtr68mRqyOt79AxDCsOlsbc1KlOpI1nFXMS5VAVirP_79yRs3j95ZYxmMkKyyaI40tkLgslqSm5tarXcQc5cqsTKe_OMunXwioSuSQ_inll33hTLafa7e-d9-1CpcwJuJhJR4WfizdWV_-Ky0UlS_MyfsKjiasQi78ChzA2UzDoWKrMCvqVgrfqvqqBDAAzajRJYW9v4HSUui2zF_oh8cRiz3faJyghXISl0v-Ymqj-oOvI2qdaxWXaOqZrNqqjI9otTr2mEdllylHZJY7LEJm_oJLUsE9D3TjUFSuE&placement=listing_profile&cs_user=unknown&cs_session=fcee9ac5e27222c4fa2d858026f9e8d61abebedb"
8 N Broad St,Winder,US,us/ga/winder/8nbroadst/-1161002137,33.99132,-83.72317,McDonald's,30680,GA,"http://mcdonalds.com,http://www.mcdonalds.com/?cid=RF:YXT_FM:TP::Yext:Referral"
730 Route 9,Fishkill,US,us/ny/fishkill/730route9/-2061630068,41.537406,-73.900099,Burger King,12524,NY,http://www.bk.com
1703 S College St,Auburn,US,us/al/auburn/1703scollegest/1780593795,32.57246,-85.49903,SONIC Drive In,36832,AL,"https://locations.sonicdrivein.com/al/auburn/1703-south-college-street.html,https://locations.sonicdrivein.com/al/auburn/1703-s-college-st.html,http://sonicdrivein.com"
322 S Broadway,Salem,US,us/nh/salem/322sbroadway/-864103396,42.75514,-71.2095,Taco Bell,3079,NH,"http://www.tacobell.com,https://locations.tacobell.com/nh/salem/322-s--broadway.html?utm_source=yextandutm_campaign=yextpowerlistingsandutm_medium=referralandutm_term=029273andutm_content=website,http://www.ljsilvers.com"
32797 John R Rd,Madison Heights,US,us/mi/madisonheights/32797johnrrd/-1161002137,42.533167,-83.107078,McDonald's,48071,MI,http://mcdonalds.com
26 Sutton Ave,Oxford,US,us/ma/oxford/26suttonave/-1161002137,42.11758,-71.85975,McDonald's,1540,MA,"http://www.mcdonalds.com/?cid=RF:YXT_FM:TP::Yext:Referral,http://mcdonalds.com"
118 S Kennedy Dr,Bradley,US,us/il/bradley/118skennedydr/106088,41.1433,-87.8759,KFC,60915,IL,http://kfc.com
765 Main St,Winchester,US,us/ma/winchester/765mainst/-2061630068,42.45815,-71.13944,Burger King,1890,MA,"http://www.bk.com,http://www.burgerking.com/"
1611 Pennsylvania Ave,Wilmington,US,us/de/wilmington/1611pennsylvaniaave/-230200247,39.754417,-75.563438,Boston Market,19806,DE,"http://www.bostonmarket.com,https://www.bostonmarket.com/location/wilmington-de-404/?utm_source=Yextandutm_medium=clickandutm_campaign=listingsandutm_content=404"
943 N DuPont Blvd,Milford,US,us/de/milford/943ndupontblvd/-2061630068,38.92997,-75.431535,Burger King,19963,DE,"http://www.bk.com,https://locations.bk.com/de/milford/943-n-dupont-blvd.html"
4400 Blackhawk Rd,Rock Island,US,us/il/rockisland/4400blackhawkrd/-1947870258,41.4682,-90.54033,Jimmy John's,61201,IL,http://jimmyjohns.com
879 N DuPont Hwy,Dover,US,us/de/dover/879nduponthwy/-1161002137,39.18316,-75.5308,McDonald's,19901,DE,"http://mcdonalds.com,http://www.mcdonalds.com/?cid=RF:YXT_FM:TP::Yext:Referral,http://api.citygridmedia.com/content/places/v2/click?q=9YKflVKbY9NauPJdMy0B1gS1IhB4xv4EWw0zDoT-UWc_izWF3zs5PKGdfOHubWrvM0QwDCYwbOH2fdLi0dK5xArULcksCCbfR-WWAz9xD1AmGVAQZIom4U3n5R4DuRC8WJCtvJcNItEKoCSfzwapuGnmwGnHDpEGYXGjnN4u8zXqkiimSHFf4_dbqGRbVgNJHbB5EM5Hc7d--QYpKtxaraRZd8iSx7cncragahn9DqwwWiWoyxo8mVE3kfO704Q6JkcoqgWMpskPn-T30gwSdUg-9OzPNNKjHX-zaJPLmQ9IghAy8qEx3QS7H0juRy8HSlPnBmWbhPoVOKlcC3dZ5ndva3ft6ENYrWr5WhJsDB3X00AuDJgLXUwDKDp7H8muuVw3W_tXeseFot22SFG1zV5LTFmBWthkzW3V9AHhFA9VoS7C4TDHiJyS2QRKRUKh8EXook1x9dSra5AHgzidb_8bpdILdkas2757MX2f7azCWzq4PHMVPP7OA4GGjjg0ewrTkn4skJlzk37ERv8ZL-_E554kXewA&placement=listing_profile&cs_user=unknown&cs_session=496231ac1c468ca81c3ce5d316e03389719cb1d9"
1611 Pelham Rd S,Jacksonville,US,us/al/jacksonville/1611pelhamrds/-864103396,33.78832,-85.76176,Taco Bell,36265,AL,"http://www.tacobell.com,https://locations.tacobell.com/al/jacksonville/1611-pelham-road-s-.html?utm_source=yextandutm_campaign=yextpowerlistingsandutm_medium=referralandutm_term=029160andutm_content=website"
W Hwy 50 O'fallon Il,Fairview Heights,US,us/il/fairviewheights/whwy50o'fallonil/-1161002137,38.593009196,-89.955407025,Mcdonald's,62208,IL,http://mcdonalds.com
5015 Memorial Pkwy Nw,Huntsville,US,us/al/huntsville/5015memorialpkwynw/1241037051,34.793453,-86.57731,Bojangles' Famous Chicken 'n Biscuits,35810,AL,http://www.bojangles.com
2255 Otay Lakes Rd,Chula Vista,US,us/ca/chulavista/2255otaylakesrd/-560664901,32.647948,-116.966382,Islands Restaurant,91915,CA,http://www.islandsrestaurants.com
135-143 Connecticut 83,Ellington,US,us/ct/ellington/135143connecticut83/-1161002137,41.888625,-72.462607,McDonald's,6029,CT,http://mcdonalds.com
4614 S Damen Ave,Chicago,US,us/il/chicago/4614sdamenave/696490760,41.809160316,-87.675370229,Hardee's,60609,IL,
1349 Boston Post Rd,Milford,US,us/ct/milford/1349bostonpostrd/93075755,41.23937,-73.0351,Arby's,6460,CT,http://www.arbys.com
1410 S Washington St,Papillion,US,us/ne/papillion/1410swashingtonst/-1161002137,41.139584,-96.042927,McDonald's,68046,NE,"http://mcdonalds.com,http://www.mcdonalds.com/?cid=RF:YXT_FM:TP::Yext:Referral"
240 E Lake Mead Pkwy,Henderson,US,us/nv/henderson/240elakemeadpkwy/1125421896,36.041057,-114.978693,A&W All American Food,89015,NV,
260 New Britain Ave,Plainville,US,us/ct/plainville/260newbritainave/-1161002137,41.67589,-72.84132,McDonald's,6062,CT,"http://mcdonalds.com,http://www.mcdonalds.com"
7 Backus Ave,Danbury,US,us/ct/danbury/7backusave/-1191797674,41.37847,-73.4772,Panda Express,6810,CT,http://www.pandaexpress.com
1365 Boston Post Rd,Milford,US,us/ct/milford/1365bostonpostrd/109620780,41.239191019,-73.034252566,Sonic,6460,CT,"http://sonicdrivein.com,http://www.sonicdrivein.com"
5222 S 138th St,Omaha,US,us/ne/omaha/5222s138thst/-2061630068,41.20417,-96.12982,Burger King,68137,NE,"http://www.bk.com,https://locations.bk.com/ne/omaha/5222-south-138th-st.html"
1 Mohegan Sun Blvd,Uncasville,US,us/ct/uncasville/1mohegansunblvd/-1829147793,41.491596,-72.09145,Geno's Fast Break,6382,CT,
96 Frontage Rd,East Haven,US,us/ct/easthaven/96frontagerd/89177860,41.28642261,-72.881176471,Dunkin Donuts,6512,CT,http://bostonmarket.com
230 E Glenwood Ave,Smyrna,US,us/de/smyrna/230eglenwoodave/-1055723171,39.30576,-75.60729,Domino's Pizza,19977,DE,"https://www.dominos.com/en/?redirect=homepageandutm_source=locallistingsandutm_medium=loclistandutm_campaign=localmaps,https://www.dominos.com/en/?redirect=homepage,https://www.dominos.com/en/?redirect=homepageandutm_source=yextandutm_medium=loclistandutm_campaign=localmaps"
3318 Kirkwood Hwy,Wilmington,US,us/de/wilmington/3318kirkwoodhwy/-1161002137,39.73644,-75.62845,McDonald's,19808,DE,"http://mcdonalds.com,http://www.mcdonalds.com/?cid=RF:YXT_FM:TP::Yext:Referral"
10939 Garvey Ave,South El Monte,US,us/ca/southelmonte/10939garveyave/1576611864,34.0630044,-118.0368204,Wienerschnitzel,91733,CA,"http://www.wienerschnitzel.com,http://www.wienerschnitzel.com/,http://wienerschnitzel.com"
500 Pittsfield Rd,Lenox,US,us/ma/lenox/500pittsfieldrd/-2061630068,42.40503,-73.26413,Burger King,1240,MA,"https://locations.bk.com/ma/lenox/500-pittsfield-rd.html,http://bk.com"
110 Garfield Pkwy,Bethany Beach,US,us/de/bethanybeach/110garfieldpkwy/-1558603965,38.538363017,-75.056023938,Thrashers French Fries,19930,DE,
11321 Polo Pl,Midlothian,US,us/va/midlothian/11321polopl/-2061630068,37.525141,-77.606356,Burger King,23113,VA,http://www.bk.com
12943 Brady Rd,Chesaning,US,us/mi/chesaning/12943bradyrd/-1161002137,43.186405,-84.167388,Mc Donald's,48616,MI,http://api.citygridmedia.com/content/places/v2/click?q=9YKflVKbY9NauPJdMy0B1gS1IhB4xv4EGQ6wFBP1R9j_yPfgIG2qmnnU3b4EFXLWYqzqH6pileJnsDBgYjhj6412OE3eqoLyrSIPEJpXfr10mUiQbRKfZCKZytUuX1ZpMEsmU-K0mL9uCZDhf-nRxkx0xcmqFX3TZTiNoK_LLFKzM4tXpEgtM6BtXv1F1Dtt581JwH6rvi_9CjgSC6K6mu7VST0w2PwpsTXUR7NcpkhPRVn5qlRSY6VGDr0BmnkTf-6UUJWE6eCS74NFtVU3TGASa7-1JvKXpUMNECQohYcKI1vxv0ZufLK18JgfUCiZS6laZOK6Qw3zQKXSC-S4HAQyRQGUL_j_dIIxf8Ln0FwUSX8Wy_dwqU5vc_GV9gkjPcla8m-1eZ8Ky938HDik8MuvdtPPxDSDemPtZls85odfGzMtHx2MZaDMlh_hJFWUTRyDw6kke70K7_VMnXmKZ0Yr56mM1K-V_h-iIUkfbmjvXPQqhDgF4sPRa6n6zEzZJfeaVgpHACyhRDZQ2vmrDUY_tfOYCMVz&placement=listing_profile.b&cs_user=unknown&cs_session=6ad5e5a2d900c5ebbb8ffa37048381672d87911f
340 New Lancaster Rd,Leominster,US,us/ma/leominster/340newlancasterrd/-1161002137,42.49508,-71.72897,McDonald's,1453,MA,"http://www.mcdonalds.com/?cid=RF:YXT_FM:TP::Yext:Referral,http://mcstate.com/35723"
1916 Central Ave SE,Albuquerque,US,us/nm/albuquerque/1916centralavese/-26676258,35.08093,-106.62467,BLIMPIE,87106,NM,http://www.blimpie.com
503 W Cold Spring Ln,Baltimore,US,us/md/baltimore/503wcoldspringln/-1207165055,39.344628711,-76.631148862,Subway - Roland Park,21210,MD,"http://www.subway.com,http://subway.com"
46021 Kamehameha Hwy,Kaneohe,US,us/hi/kaneohe/46021kamehamehahwy/-997541345,21.42282,-157.81154,Teddy's Bigger Burgers,96744,HI,"http://www.teddysbb.com/view-our-menu,http://teddysbiggerburgers.com"
407 Lamar Rd,Darlington,US,us/sc/darlington/407lamarrd/-2061630068,34.292233715,-79.888737261,Burger King,29532,SC,http://www.bk.com
30255 Commerce Dr,Millsboro,US,us/de/millsboro/30255commercedr/-1161002137,38.572872,-75.28649,McDonald's,19966,DE,"http://mcdonalds.com,http://www.mcdonalds.com"
6570 N Illinois St,Fairview Heights,US,us/il/fairviewheights/6570nillinoisst/-448666054,38.594883,-89.98485,Five Guys,62208,IL,http://fiveguys.com
13453 Middlebelt Rd,Livonia,US,us/mi/livonia/13453middlebeltrd/-1947870258,42.381584988,-83.334165072,Jimmy John's,48150,MI,http://www.jimmyjohns.com
8829 S 180th St,Kent,US,us/wa/kent/8829s180thst/-230519289,47.441,-122.2216,Jack in the Box,98032,WA,http://www.jackinthebox.com
3601 4th St NW,Albuquerque,US,us/nm/albuquerque/36014thstnw/-791445730,35.119498,-106.645484,Wendy's,87107,NM,
1 Willowdale Dr,Frederick,US,us/md/frederick/1willowdaledr/106088,39.4195,-77.4508,KFC,21702,MD,http://www.kfc.com
4025 Holcomb Bridge Rd,Norcross,US,us/ga/norcross/4025holcombbridgerd/106088,33.9671,-84.2571,KFC,30092,GA,http://www.kfc.com
1209 Leonard St NW,Grand Rapids,US,us/mi/grandrapids/1209leonardstnw/-2061630068,42.98555,-85.698127,Burger King,49504,MI,"https://locations.bk.com/mi/grand-rapids/1209-south-leonard-st-nw.html,http://www.bk.com"
1731 Montgomery Hwy,Birmingham,US,us/al/birmingham/1731montgomeryhwy/-1161002137,33.37949,-86.80468,McDonalds,35244,AL,"http://mcdonalds.com,http://www.mcdonalds.com/?cid=RF:YXT_FM:TP::Yext:Referral"
611 Martin St N,Pell City,US,us/al/pellcity/611martinstn/-864103396,33.594268,-86.283267,Taco Bell,35125,AL,"http://www.tacobell.com,https://locations.tacobell.com/al/pell-city/611-martin-st-n.html?utm_source=yextandutm_campaign=yextpowerlistingsandutm_medium=referralandutm_term=029128andutm_content=website,https://locations.tacobell.com/al/pell-city/611-martin-st-n.html?utm_source=yext&utm_campaign=yextpowerlistings&utm_medium=referral&utm_term=029128&utm_content=website,https://locations.tacobell.com/al/pell-city/611-martin-st-n.html?utm_source= yextandutm_campaign=yextpowerlistings andutm_medium=referralandutm_term=029128andutm_content=website"
6550 Grand Ave,Gurnee,US,us/il/gurnee/6550grandave/-345832572,42.3856,-87.96526,Chick-fil-A,60031,IL,"http://www.chick-fil-a.com/gurnee,http://www.chick-fil-a.com"
160 Vaughn Lane,Pell City,US,us/al/pellcity/160vaughnlane/93075755,33.6098,-86.2805,Arby's,35125,AL,http://www.arbys.com
1310 Brady St,Chesaning,US,us/mi/chesaning/1310bradyst/-2061630068,43.18884,-84.13187,Burger King,48616,MI,"https://locations.bk.com/mi/chesaning/1310-brady-rd.html,http://www.bk.com"
198 E Meighan Blvd,Gadsden,US,us/al/gadsden/198emeighanblvd/93075755,34.010557,-85.988423,Arby's,35903,AL,"http://www.arbys.com,https://locations.arbys.com/us/al/gadsden/198-e-meighan-blvd.html,http://locations.arbys.com/us/al/gadsden/198-e-meighan-blvd.html"
20704 Highway 365 N,Maumelle,US,us/ar/maumelle/20704highway365n/106088,34.8836,-92.3853,KFC,72113,AR,http://www.kfc.com
5741 Coral Ridge Dr,Pompano Beach,US,us/fl/pompanobeach/5741coralridgedr/-1161002137,26.30021,-80.278689,McDonald's,33076,FL,http://mcdonalds.com
720 E Front St,Traverse City,US,us/mi/traversecity/720efrontst/106088,44.7638,-85.6061,KFC,49686,MI,http://www.kfc.com
4550 E McCain Blvd,North Little Rock,US,us/ar/northlittlerock/4550emccainblvd/-938337463,34.788613,-92.213885,Rally's,72117,AR,"https://locations.rallys.com/ar/north-little-rock/4550-e.-mccain-blvd.,http://rallys.com,http://rallys.com/"
920 US Highway 31 S,Traverse City,US,us/mi/traversecity/920ushighway31s/-2061630068,44.67377,-85.65734,Burger King,49685,MI,"http://www.bk.com,https://locations.bk.com/mi/traverse-city/920-us-31-south.html,https://www.bk.com"
2504 N US Highway 31 N,Traverse City,US,us/mi/traversecity/2504nushighway31n/-2061630068,44.74646,-85.52878,Burger King,49686,MI,"http://www.bk.com,https://locations.bk.com/mi/traverse-city/2504-us-31-north.html,https://www.bk.com"
1054 E Front St,Traverse City,US,us/mi/traversecity/1054efrontst/-2061630068,44.76388,-85.59616,Burger King,49686,MI,"http://www.bk.com,https://locations.bk.com/mi/traverse-city/1054-east-front-st.html,https://www.bk.com"
1810 S. Saginaw Road,Midland,US,us/mi/midland/1810ssaginawroad/-864103396,43.6141,-84.2142,Taco Bell,48640,MI,"http://www.tacobell.com,https://locations.tacobell.com/mi/midland/1810-s--saginaw-road.html?utm_source=yext&utm_campaign=yextpowerlistings&utm_medium=referral&utm_term=022688&utm_content=website"
6475 Gateway Road,Columbus,US,us/ga/columbus/6475gatewayroad/-1161002137,32.5385,-84.8769,Mcdonald's,31909,GA,"http://mcdonalds.com,http://www.mcdonalds.com/?cid=RF:YXT_FM:TP::Yext:Referral"
2190 Holton Rd,Muskegon,US,us/mi/muskegon/2190holtonrd/-2061630068,43.294913,-86.203138,Burger King,49445,MI,"http://www.bk.com,https://locations.bk.com/mi/north-muskegon/2190-holton-rd.html"
1436 E Apple Ave,Muskegon,US,us/mi/muskegon/1436eappleave/-2061630068,43.234168,-86.208448,Burger King,49442,MI,"http://www.bk.com,https://locations.bk.com/mi/muskegon/1436-apple-ave.html"
1815 E Sternberg Rd,Muskegon,US,us/mi/muskegon/1815esternbergrd/-2061630068,43.154121,-86.198109,Burger King,49444,MI,"http://www.bk.com,https://locations.bk.com/mi/muskegon/1815-east-sternberg-rd.html"
3436 Henry St,Muskegon,US,us/mi/muskegon/3436henryst/-2061630068,43.188635,-86.263502,Burger King,49441,MI,"http://www.bk.com,https://locations.bk.com/mi/norton-shores/3436-henry-st.html"
816 E Front St,Traverse City,US,us/mi/traversecity/816efrontst/-864103396,44.76384,-85.6043,Taco Bell,49686,MI,"http://www.tacobell.com,https://locations.tacobell.com/mi/traverse-city/816-e-front-st.html?utm_source=yextandutm_campaign=yextpowerlistingsandutm_medium=referralandutm_term=002673andutm_content=website,https://locations.tacobell.com/mi/traverse-city/816-e-front-st.html?utm_source=yext&utm_campaign=yextpowerlistings&utm_medium=referral&utm_term=002673&utm_content=website"
815 W Hallandale Beach Blvd,Hallandale,US,us/fl/hallandale/815whallandalebeachblvd/106088,25.9846,-80.1593,KFC,33009,FL,http://www.kfc.com
3818 State Highway 119,Longmont,US,us/co/longmont/3818statehighway119/-864103396,40.160215,-104.982698,Taco Bell,80501,CO,https://locations.tacobell.com/co/longmont/3818-state-highway-119.html?utm_source=yext&utm_campaign=yextpowerlistings&utm_medium=referral&utm_term=003768&utm_content=website
2312 Trustar Avenue NW,Bemidji,US,us/mn/bemidji/2312trustaravenuenw/93075755,47.490635,-94.89198,Arby's,56601,MN,http://www.arbys.com
1000 Paul Bunyan Dr NW,Bemidji,US,us/mn/bemidji/1000paulbunyandrnw/-1947870258,47.49112,-94.89392,Jimmy John's,56601,MN,http://www.jimmyjohns.com
6675 E Grant Rd,Tucson,US,us/az/tucson/6675egrantrd/-345832572,32.24878,-110.84971,Chick-fil-A,85715,AZ,"http://www.chick-fil-a.com/tanqueverde,http://www.chick-fil-a.com"
11167 Lorraine Rd,Gulfport,US,us/al/gulfport/11167lorrainerd/-1161002137,30.44696,-89.03222,McDonald's,39503,AL,http://mcdonalds.com
62 B S. Royal St.,Mobile,US,us/al/mobile/62bsroyalst/-1947870258,30.69095,-88.04084,Jimmy John's,36602,AL,
205 S Davis Ave,Cleveland,US,us/ms/cleveland/205sdavisave/106088,33.74103,-90.71534,KFC,38732,MS,http://www.kfc.com
145 Highway 15 N,Pontotoc,US,us/ms/pontotoc/145highway15n/-1161002137,34.2526,-89.01857,McDonald's,38863,MS,"http://mcdonalds.com,http://www.mcdonalds.com/?cid=RF:YXT_FM:TP::Yext:Referral"
105 Highway 82 E,Leland,US,us/ms/leland/105highway82e/1780593795,33.39715,-90.90216,Sonic Drive-In,38756,MS,https://locations.sonicdrivein.com/ms/leland/105-highway-82-e-.html
390 Locust St,Dubuque,US,us/ia/dubuque/390locustst/-549344966,42.50754,-90.67285,Shot Tower Inn,52001,IA,http://shottowerinn.net
317 Winchester St,Keene,US,us/nh/keene/317winchesterst/-1161002137,42.9258,-72.28923,McDonald's,3431,NH,"http://mcdonalds.com,http://www.mcdonalds.com/?cid=RF:YXT_FM:TP::Yext:Referral"
409 E Sunflower Rd,Cleveland,US,us/ms/cleveland/409esunflowerrd/1780593795,33.74796,-90.71726,SONIC Drive In,38732,MS,"https://locations.sonicdrivein.com/ms/cleveland/409-east-sunflower-road.html,http://www.bagwellsonics.com"
310 Main St,Colorado Springs,US,us/co/coloradosprings/310mainst/1780593795,38.75338,-104.74126,SONIC Drive In,80911,CO,https://locations.sonicdrivein.com/co/security/310-main-street.html
58 Key Rd,Keene,US,us/nh/keene/58keyrd/-448666054,42.926,-72.2975,Five Guys,3431,NH,http://fiveguys.com
601 S Broadway St,Checotah,US,us/ok/checotah/601sbroadwayst/1780593795,35.465,-95.52485,Sonic Drive-In,74426,OK,"https://locations.sonicdrivein.com/ok/checotah/601-south-broadway.html,http://sonicdrivein.com"
1500 2nd Ave E,Oneonta,US,us/al/oneonta/15002ndavee/1780593795,33.961719,-86.460832,Sonic Drive-In,35121,AL,"http://www.sonicdrivein.com,https://locations.sonicdrivein.com/al/oneonta/1500-2nd-avenue-east.html"
372 S Gloster St,Tupelo,US,us/ms/tupelo/372sglosterst/-1161002137,34.253044,-88.715996,McDonald's,38801,MS,http://mcdonalds.com
640 Desoto Ave,Clarksdale,US,us/ms/clarksdale/640desotoave/-1055723171,34.19678,-90.56477,Domino's Pizza,38614,MS,"https://www.dominos.com/en/?redirect=homepageandutm_source=locallistingsandutm_medium=loclistandutm_campaign=localmaps,https://www.dominos.com/en/?redirect=homepage,https://www.dominos.com/en/?redirect=homepageandutm_source=yextandutm_medium=loclistandutm_campaign=localmaps"
520 S Hwy 89,Jackson,US,us/wy/jackson/520shwy89/-1055723171,43.460735,-110.76627,Domino's Pizza,83001,WY,"http://www.dominos.com,https://www.dominos.com/en/?redirect=homepageandutm_source=locallistingsandutm_medium=loclistandutm_campaign=localmaps"
1023 Main St,Evanston,US,us/wy/evanston/1023mainst/-1055723171,41.26789,-110.9667,Domino's Pizza,82930,WY,"https://www.dominos.com/en/?redirect=homepage,https://www.dominos.com/en/?redirect=homepageandutm_source=locallistingsandutm_medium=loclistandutm_campaign=localmaps,https://www.dominos.com/en/?redirect=homepage&utm_source=yext&utm_medium=loclist&utm_campaign=localmaps"
5842 Goodman Rd,Horn Lake,US,us/ms/hornlake/5842goodmanrd/-1055723171,34.9519,-90.05072,Domino's Pizza,38637,MS,"https://www.dominos.com/en/?redirect=homepage,https://www.dominos.com/en/?redirect=homepageandutm_source=locallistingsandutm_medium=loclistandutm_campaign=localmaps,https://www.dominos.com/en/?redirect=homepageandutm_source=yextandutm_medium=loclistandutm_campaign=localmaps"
2334 McIngvale Rd,Hernando,US,us/ms/hernando/2334mcingvalerd/-1055723171,34.82593,-89.97155,Domino's Pizza,38632,MS,"https://www.dominos.com/en/?redirect=homepage,https://www.dominos.com/en/?redirect=homepageandutm_source=locallistingsandutm_medium=loclistandutm_campaign=localmaps,https://www.dominos.com/en/?redirect=homepageandutm_source=yextandutm_medium=loclistandutm_campaign=localmaps,https://www.dominos.com/en/?redirect=homepage&utm_source=yext&utm_medium=loclist&utm_campaign=localmaps"
1651 Highway 1 S,Greenville,US,us/ms/greenville/1651highway1s/696490760,33.3751,-91.04145,Hardee's,38701,MS,http://www.hardees.com
2439 W Main St,Tupelo,US,"us/ms/tupelo/2439wmainst/696490760,us/ms/tupelo/2439wmainst/696490760",34.25519,-88.74546,Hardee's,38801-3147,MS,http://api.citygridmedia.com/content/places/v2/click?q=9YKflVKbY9NauPJdMy0B1gS1IhB4xv4EWw0zDoT-UWc_izWF3zs5PKGdfOHubWrvM0QwDCYwbOH2fdLi0dK5xArULcksCCbfR-WWAz9xD1AmGVAQZIom4U3n5R4DuRC8WJCtvJcNItEKoCSfzwapuGnmwGnHDpEGYXGjnN4u8zXqkiimSHFf4_dbqGRbVgNJc9mVfa7FdDVaaig15HAE5sM0W2fZdMLC0hS_z1n7qXW1qELhlftBbMoURXWvVXDn3pvsWDtybPSadpe_gqPoX13tuChbojKLOnGW4WDHbE-9BwcbOWOZlbIwE-XfdlkBZ7NYvfOTTSgw2tGeZXN7Q5V0IYlWvTy24v0kAHELTdGLSvEn7w3fmA7iFlDfH0nGtgn1BNrzPoPToVtILEe3skS1vGakFW9EE1As4DlBs_PVIsdmDPfcL3RHAVZ75RwXJ5tmGXlTH4uj9aoB_ahDo-fGV1mxX5NFusPEjH8qoUfAyiumzuyrcddtZiIievXOsdm8DXbXovaN7REEqxvGsw&placement=listing_profile&cs_user=unknown&cs_session=a91249e3de301787297ab1561f027529324a3104
2300 E Historic Highway 66,Gallup,US,us/nm/gallup/2300ehistorichighway66/-1161002137,35.52902,-108.70858,McDonald's,87301,NM,"http://www.mcdonalds.com/?cid=RF:YXT_FM:TP::Yext:Referral,http://mcdonalds.com"
840 N Highway 666,Gallup,US,us/nm/gallup/840nhighway666/93075755,35.53447,-108.758241,Arby's,87301,NM,http://www.arbys.com
1590 W Maloney Ave,Gallup,US,us/nm/gallup/1590wmaloneyave/554191587,35.52706,-108.76687,Carl's Jr.,87301,NM,http://www.carlsjr.com
34356 Highway 43,Thomasville,US,us/al/thomasville/34356highway43/-2061630068,31.9357,-87.7394,Burger King,36784,AL,http://www.bk.com
163 Highway 15 N,Pontotoc,US,us/ms/pontotoc/163highway15n/-791445730,34.255882,-89.018165,Wendy's,38863,MS,http://www.wendys.com
2222 W Main St,Tupelo,US,us/ms/tupelo/2222wmainst/-66712705,34.255949,-88.738971,Pizza Hut,38801,MS,http://www.pizzahut.com
321 Highway 15 N,Pontotoc,US,us/ms/pontotoc/321highway15n/106088,34.2655,-89.0202,KFC,38863,MS,http://www.kfc.com
191 Highway 15,Pontotoc,US,us/ms/pontotoc/191highway15/1780593795,34.2558,-89.0186,SONIC Drive In,38863,MS,"http://sonicdrivein.com,https://locations.sonicdrivein.com/ms/pontotoc/191-highway-15.html"
506 S Bloomfield Blvd,Bloomfield,US,us/nm/bloomfield/506sbloomfieldblvd/106088,36.707055,-107.984776,KFC,87413,NM,"http://www.kfc.com,http://api.citygridmedia.com/content/places/v2/click?q=9YKflVKbY9NauPJdMy0B1gS1IhB4xv4EWw0zDoT-UWc_izWF3zs5PKGdfOHubWrvM0QwDCYwbOH2fdLi0dK5xArULcksCCbfR-WWAz9xD1AmGVAQZIom4U3n5R4DuRC8WJCtvJcNItEKoCSfzwapuGnmwGnHDpEGYXGjnN4u8zXqkiimSHFf4_dbqGRbVgNJK4huWG_sIu4NNmnSCUNMEksTnjLA8p5Uf-qTCKPFuzn4FXWZj4XEox9VdfBmzDFe5QRO18vR4IvkHIco_K2IohZBmD2wHQQGi8Pne7Hw6vXBAIX9t5AsGzfklrQ9-cYjpGRhKdckZUKbJOsECOdQfbvj3VGFVfS7yXIC4vX4NHgO02-hb56edWkNin3Hch7_oIegJ-tkcpgkDU7BCTnbHxWuxQd47tKfnydo7hmtDAsU-ni4iTart73HvufMivyFqGnLw_-0On46AsqL_utVuNNOugs_X0oHjiDFakcI4ck6r4lSjCPa2QYERClhuClZkNwQppwSAztVFl2r8QPzwg&placement=listing_profile&cs_user=unknown&cs_session=b2c919537e221012815f2b50b944e996a932ff40"
500 W Broadway Ave,Bloomfield,US,us/nm/bloomfield/500wbroadwayave/-1055723171,36.71173,-107.98487,Domino's Pizza,87413,NM,"https://www.dominos.com/en/?redirect=homepageandutm_source=locallistingsandutm_medium=loclistandutm_campaign=localmaps,https://www.dominos.com/en/?redirect=homepage,https://www.dominos.com/en/?redirect=homepageandutm_source=yextandutm_medium=loclistandutm_campaign=localmaps"
2423 N Main St,Roswell,US,us/nm/roswell/2423nmainst/-1055723171,33.42296,-104.52263,Domino's Pizza,88201,NM,"https://www.dominos.com/en/?redirect=homepageandutm_source=locallistingsandutm_medium=loclistandutm_campaign=localmaps,https://www.dominos.com/en/?redirect=homepage,https://www.dominos.com/en/?redirect=homepageandutm_source=yextandutm_medium=loclistandutm_campaign=localmaps,https://www.dominos.com/en/?redirect=homepage&utm_source=yext&utm_medium=loclist&utm_campaign=localmaps"
2110 N Main St,Roswell,US,us/nm/roswell/2110nmainst/1832448210,33.417878,-104.523131,Whataburger,88201,NM,"https://locations.whataburger.com/nm/roswell/2110-n-main-st.html/,https://locations.whataburger.com/nm/roswell/2110-n-main-st.html/?utm_source=yextpagesandutm_medium=locallistingsandutm_campaign=yextpages,https://locations.whataburger.com/nm/roswell/2110-n-main-st.html/?utm_source=yextpages&utm_medium=locallistings&utm_campaign=yextpages"
1101 N Main St,Roswell,US,us/nm/roswell/1101nmainst/-791445730,33.405,-104.5225,Wendy's,88201,NM,http://www.wendys.com
1103 Main Ave,Crete,US,us/ne/crete/1103mainave/108876530,40.623491,-96.961452,Runza,68333,NE,
223 W 4th Street,Holloman Air Force Base,US,us/nm/hollomanairforcebase/223w4thstreet/-1161002137,32.8399,-106.0808,McDonalds,88330,NM,"http://mcdonalds.com,http://www.mcdonalds.com/?cid=RF:YXT_FM:TP::Yext:Referral"
421 S White Sands Blvd,Alamogordo,US,us/nm/alamogordo/421swhitesandsblvd/93075755,32.88622,-105.95962,Arby's,88310,NM,"https://locations.arbys.com/us/nm/alamogordo/421-s-white-sands-blvd.html,http://www.arbys.com,http://locations.arbys.com/us/nm/alamogordo/421-s-white-sands-blvd.html"
1518 E Santa Fe Ave,Grants,US,us/nm/grants/1518esantafeave/-864103396,35.12837,-107.82688,Taco Bell,87020,NM,"https://locations.tacobell.com/nm/grants/1518-e-santa-fe-ave.html?utm_source=yextandutm_campaign=yextpowerlistingsandutm_medium=referralandutm_term=033694andutm_content=website,http://www.tacobell.com,https://locations.tacobell.com/nm/grants/1518-e-santa-fe-ave.html?utm_source=yext&utm_campaign=yextpowerlistings&utm_medium=referral&utm_term=033694&utm_content=website"
1335 Grand Ave,Las Vegas,US,us/nm/lasvegas/1335grandave/-2061630068,35.6061,-105.21133,Burger King,87701,NM,"https://locations.bk.com/nm/las-vegas/1335-north-grand-ave.html,http://www.bk.com"
200 N Main St,Roswell,US,us/nm/roswell/200nmainst/-891525969,33.39443,-104.52325,Subway,88201,NM,"http://subway.com,http://www.subway.com"
1800 W Santa Fe Ave,Grants,US,us/nm/grants/1800wsantafeave/106088,35.158882,-107.87396,KFC,87020,NM,http://www.kfc.com
324 S Canal St,Carlsbad,US,us/nm/carlsbad/324scanalst/-791445730,32.417691,-104.228982,Wendy's,88220,NM,http://www.wendys.com
1305 W Pierce,Carlsbad,US,us/nm/carlsbad/1305wpierce/93075755,32.435419,-104.244109,Arby's,88220,NM,"http://www.arbys.com,http://locations.arbys.com/us/nm/carlsbad/1305-w-pierce.html"
1231 Union Ave,Laconia,US,us/nh/laconia/1231unionave/-1161002137,43.55903,-71.45369,McDonald's,3246,NH,"http://www.mcdonalds.com/?cid=RF:YXT_FM:TP::Yext:Referral,http://mcdonalds.com"
585 Union Ave,Laconia,US,us/nh/laconia/585unionave/-1055723171,43.54233,-71.46532,Domino's Pizza,3246,NH,"https://www.dominos.com/en/?redirect=homepageandutm_source=locallistingsandutm_medium=loclistandutm_campaign=localmaps,https://www.dominos.com/en/?redirect=homepage,https://www.dominos.com/en/?redirect=homepageandutm_source=yextandutm_medium=loclistandutm_campaign=localmaps,https://www.dominos.com/en/?redirect=homepage&utm_source=yext&utm_medium=loclist&utm_campaign=localmaps"
1711 7th St,Las Vegas,US,us/nm/lasvegas/17117thst/93075755,35.60931,-105.22369,Arby's,87701,NM,"https://locations.arbys.com/us/nm/las-vegas/1711-7th-st.html,http://www.arbys.com,http://locations.arbys.com/us/nm/las-vegas/1711-7th-st.html"
611 Mills Ave,Las Vegas,US,us/nm/lasvegas/611millsave/-1055723171,35.60497,-105.22239,Domino's Pizza,87701,NM,"https://www.dominos.com/en/?redirect=homepage,https://www.dominos.com/en/?redirect=homepageandutm_source=locallistingsandutm_medium=loclistandutm_campaign=localmaps,https://www.dominos.com/en/?redirect=homepage&utm_source=yext&utm_medium=loclist&utm_campaign=localmaps,https://www.dominos.com/en/?redirect=homepageandutm_source=yextandutm_medium=loclistandutm_campaign=localmaps"
1415 7th St,Las Vegas,US,us/nm/lasvegas/14157thst/-864103396,35.60421,-105.22263,Taco Bell,87701,NM,"https://locations.tacobell.com/nm/las-vegas/1415-7th-st.html?utm_source=yextandutm_campaign=yextpowerlistingsandutm_medium=referralandutm_term=024685andutm_content=website,http://www.tacobell.com,https://locations.tacobell.com/nm/las-vegas/1415-7th-st.html?utm_source=yext&utm_campaign=yextpowerlistings&utm_medium=referral&utm_term=024685&utm_content=website"
3112 S Glen Ave,Glenwood Springs,US,us/co/glenwoodsprings/3112sglenave/-1161002137,39.5195,-107.32003,Mcdonald's,81601,CO,"http://mcdonalds.com,http://www.mcdonalds.com/?cid=RF:YXT_FM:TP::Yext:Referral"
390 S 8th St,Colorado Springs,US,us/co/coloradosprings/390s8thst/-1161002137,38.8285,-104.8413,McDonald's,80905,CO,"http://mcdonalds.com,http://www.mcdonalds.com/?cid=RF:YXT_FM:TP::Yext:Referral"
201 Valley Mall Pkwy,East Wenatchee,US,us/wa/eastwenatchee/201valleymallpkwy/-1161002137,47.40782,-120.28838,McDonald's,98802,WA,"http://mcdonalds.com,http://www.mcdonalds.com/?cid=RF:YXT_FM:TP::Yext:Referral"
55 S Oak Ave Unit B,Eaton,US,us/co/eaton/55soakaveunitb/-1161002137,40.52408,-104.71082,McDonald's,80615,CO,http://mcdonalds.com
2501 Simpson Ave,Hoquiam,US,us/wa/hoquiam/2501simpsonave/-1161002137,46.97549,-123.86704,McDonald's,98550,WA,"http://mcdonalds.com,http://www.mcdonalds.com/?cid=RF:YXT_FM:TP::Yext:Referral"
1001 N Main St,Lamar,US,us/co/lamar/1001nmainst/1780593795,38.09909,-102.61945,SONIC Drive In,81052,CO,"http://sonicdrivein.com,https://locations.sonicdrivein.com/co/lamar/1001-n--main-street.html"
2510 E Grand Ave,Laramie,US,us/wy/laramie/2510egrandave/1780593795,41.3089,-105.56045,SONIC Drive In,82070,WY,https://locations.sonicdrivein.com/wy/laramie/2510-grand-avenue.html
1820 Grande Ave,Monte Vista,US,us/co/montevista/1820grandeave/1780593795,37.5764,-106.13352,Sonic Drive-In,81144,CO,https://locations.sonicdrivein.com/co/monte-vista/1820-grand-avenue.html
289 57th Ave NE,Minneapolis,US,us/mn/minneapolis/28957thavene/-2061630068,45.071682,-93.263952,Burger King,55432,MN,http://www.bk.com
8124 S 84th St,La Vista,US,us/ne/lavista/8124s84thst/-891525969,41.1767,-96.04376,Subway,68128,NE,http://www.subway.com
6729 S 19th St,Tacoma,US,us/wa/tacoma/6729s19thst/-864103396,47.243134,-122.528511,Taco Bell,98466,WA,http://www.tacobell.com
2410 S 11th St,Nebraska City,US,us/ne/nebraskacity/2410s11thst/-1009719089,40.65335,-95.8592,Taco John's,68410,NE,http://locations.tacojohns.com/ne/nebraska-city/2410-s-11th-street.html
6125 Apple Way Ste 201,Lincoln,US,us/ne/lincoln/6125applewayste201/-1055723171,40.75113,-96.63617,Domino's Pizza,68516,NE,"https://www.dominos.com/en/?redirect=homepage,https://www.dominos.com/en/?redirect=homepageandutm_source=locallistingsandutm_medium=loclistandutm_campaign=localmaps,https://www.dominos.com/en/?redirect=homepageandutm_source=yextandutm_medium=loclistandutm_campaign=localmaps"
5701 NW 1st St,Lincoln,US,us/ne/lincoln/5701nw1stst/1491689988,40.86756,-96.72377,Amigos/Kings Classic,68521,NE,"http://www.facebook.com/amigoskings,http://www.amigoskings.com"
1019 W Platt St,Maquoketa,US,us/ia/maquoketa/1019wplattst/-1161002137,42.0685,-90.67905,McDonald's,52060,IA,"http://mcdonalds.com,http://www.mcdonalds.com/?cid=RF:YXT_FM:TP::Yext:Referral"
400 Iowa Speedway Dr,Newton,US,us/ia/newton/400iowaspeedwaydr/93075755,41.6967,-93.0138,Arby's,50208,IA,"http://www.arbys.com,http://www.drmarbys.com"
603 S Federal Ave,Mason City,US,us/ia/masoncity/603sfederalave/-1009719089,43.14598,-93.2009,Taco John's,50401,IA,http://locations.tacojohns.com/ia/mason-city/603-s-federal-avenue.html
2901 Sunset Dr,Norwalk,US,us/ia/norwalk/2901sunsetdr/-1161002137,41.49609,-93.67496,McDonald's,50211,IA,"http://mcdonalds.com,http://www.mcdonalds.com/?cid=RF:YXT_FM:TP::Yext:Referral"
2506 Lincoln Way,Ames,US,us/ia/ames/2506lincolnway/102410347,42.02267,-93.57964,Kum Go,50010,IA,"http://kumandgo.com,http://www.kumandgo.com/location/1215/"
923 N Quincy Ave,Ottumwa,US,us/ia/ottumwa/923nquincyave/-864103396,41.01352,-92.43887,Taco Bell,52501,IA,"http://www.tacobell.com,https://locations.tacobell.com/ia/ottumwa/923-north-quincy-ave.html?utm_source=yextandutm_campaign=yextpowerlistingsandutm_medium=referralandutm_term=030414andutm_content=website"
2519 Park Ave,Muscatine,US,us/ia/muscatine/2519parkave/-791445730,41.450683,-91.030183,Wendy's,52761,IA,http://www.wendys.com
101 N 2nd St,Evanston,US,us/wy/evanston/101n2ndst/-891525969,41.262673,-110.95711,Subway,82930,WY,http://www.subway.com
2945 S 38th St,Tacoma,US,us/wa/tacoma/2945s38thst/-864103396,47.222548,-122.474979,Taco Bell,98409,WA,"http://www.tacobell.com,https://locations.tacobell.com/wa/tacoma/2945-s-38th-st.html?utm_source=yext&utm_campaign=yextpowerlistings&utm_medium=referral&utm_term=031312&utm_content=website"
2630 S 9th St,Salina,US,us/ks/salina/2630s9thst/2057680541,38.792181817,-97.61345763,Spangles,67401,KS,
1111 Cy Ave,Casper,US,us/wy/casper/1111cyave/-791445730,42.8347,-106.3376,Wendy's,82604,WY,http://api.citygridmedia.com/content/places/v2/click?q=9YKflVKbY9NauPJdMy0B1gS1IhB4xv4EWw0zDoT-UWc_izWF3zs5PKGdfOHubWrvM0QwDCYwbOH2fdLi0dK5xArULcksCCbfR-WWAz9xD1AmGVAQZIom4U3n5R4DuRC8WJCtvJcNItEKoCSfzwapuGnmwGnHDpEGYXGjnN4u8zXqkiimSHFf4_dbqGRbVgNJFv8yATfExc8LqSqYyOO7ssOmNg-L-rWNh3h_RZTi0uYjiC7XW2lHm8NTr_vmNIwCrFU1kduNC9e2u0OYVavAkI8lm0mpgIlVy2br8QtsAAKfmyJiWSEYzW6oswmKjAuvXM2otWtL5ckfienaXJ-2oHF4uZPfxIlGY1yFbdA3c9tU8Q6m0iPTc9uuP8AD41E9oM9JPnu3xaYY89kTyV6yI4qtu4bDlSg-n7gmow2-FyE0KLw1u7DqAP9eVJPjriMiKyIE32eHjjiiP_OtCRqD7bLZ8fYUX6ZTQhU2WdIhK8djz6PzE1t8VXq9hlOigEGzYO8kaPlnwBXLeD4nH2wTPhlC8xH_rxoA&placement=listing_profile&cs_user=unknown&cs_session=e1406bcca628afce9cba9600f89d05677e41bab9
1902 Mountain View Dr,Cody,US,us/wy/cody/1902mountainviewdr/-2061630068,44.51459,-109.05084,Burger King,82414,WY,"https://locations.bk.com/wy/cody/1902-mountain-view-dr.html,http://www.bk.com,http://bk.com"
1902 Mountain View Dr,Cody,US,us/wy/cody/1902mountainviewdr/-2061630068,44.51459,-109.05084,Burger King,82414,WY,"https://locations.bk.com/wy/cody/1902-mountain-view-dr.html,http://www.bk.com,http://bk.com"
400 SE 192nd Ave,Vancouver,US,us/wa/vancouver/400se192ndave/-791445730,45.61882,-122.47652,Wendy's,98683,WA,"http://www.wendys.com,http://wendys.com"
5205 W Wadley Ave,Midland,US,us/tx/midland/5205wwadleyave/-230519289,32.01216,-102.15512,Jack in the Box,79707,TX,http://www.jackinthebox.com
216 E Lincolnway,Cheyenne,US,us/wy/cheyenne/216elincolnway/696490760,41.13405,-104.81266,Hardee's,82001,WY,"http://www.hardees.com,http://hardees.com"
600 W F St,Casper,US,us/wy/casper/600wfst/-1161002137,42.85829,-106.33191,McDonald's,82601,WY,"http://www.mcdonalds.com/?cid=RF:YXT_FM:TP::Yext:Referral,http://www.mcdonalds.com"
225 S Roosevelt Dr,Seaside,US,us/or/seaside/225srooseveltdr/-1161002137,45.99216,-123.92045,McDonald's,97138,OR,"http://mcdonalds.com,http://www.mcdonalds.com/?cid=RF:YXT_FM:TP::Yext:Referral"
1565 Gateway Blvd.,Cottage Grove,US,us/or/cottagegrove/1565gatewayblvd./554191587,43.787,-123.0539,Carl's Jr.,97424,OR,http://www.carlsjr.com
1021 Morrow Rd,Medford,US,us/or/medford/1021morrowrd/-990244996,42.3471,-122.8742,Taco Delight,97504,OR,
18975 SW Tualatin Valley Hwy,Aloha,US,us/or/aloha/18975swtualatinvalleyhwy/-2061630068,45.49496,-122.87326,Burger King,97003,OR,http://www.bk.com
21355 Sherwood Blvd,Sherwood,US,us/or/sherwood/21355sherwoodblvd/-1161002137,45.3656,-122.8477,McDonald's,97140,OR,"http://mcdonalds.com,http://www.mcdonalds.com/?cid=RF:YXT_FM:TP::Yext:Referral"
3003 Ny-50,Saratoga Springs,US,us/ny/saratogasprings/3003ny-50/-1161002137,43.0983,-73.74834,Mcdonalds,12866,NY,http://mcdonalds.com
225 Western Ave,Augusta,US,us/me/augusta/225westernave/-891525969,44.31434,-69.80071,Subway,4330,ME,http://www.subway.com
276 Grant Ave,Auburn,US,us/ny/auburn/276grantave/106088,42.9532,-76.5443,KFC,13021,NY,
5800 Tri State Toll Rd,Hinsdale,US,us/il/hinsdale/5800tristatetollrd/-891525969,41.84019,-87.91984,Subway,60521,IL,"http://www.subway.com,http://subway.com"
171 Market St,Potsdam,US,us/ny/potsdam/171marketst/-1161002137,44.68327,-74.98749,McDonald's,13676,NY,"http://mcdonalds.com,http://www.mcdonalds.com/?cid=RF:YXT_FM:TP::Yext:Referral"
1602 State Highway 37,Massena,US,us/ny/massena/1602statehighway37/-864103396,44.950269,-74.844373,Taco Bell,13662,NY,"http://www.tacobell.com,https://locations.tacobell.com/ny/massena/1602-state-highway-37.html?utm_source=yextandutm_campaign=yextpowerlistingsandutm_medium=referralandutm_term=015717andutm_content=website,https://locations.tacobell.com/ny/massena/1602-state-highway-37.html?utm_source=yext&utm_campaign=yextpowerlistings&utm_medium=referral&utm_term=015717&utm_content=website"
176 Market St,Potsdam,US,us/ny/potsdam/176marketst/-2061630068,44.68316,-74.98685,Burger King,13676,NY,"http://www.bk.com,https://locations.bk.com/ny/potsdam/176-market-st.html,https://www.bk.com"
735 Broad St,Salamanca,US,us/ny/salamanca/735broadst/-1161002137,42.15845,-78.74418,McDonald's,14779,NY,"http://mcdonalds.com,http://www.mcdonalds.com/?cid=RF:YXT_FM:TP::Yext:Referral"
379 Chestnut St,Oneonta,US,us/ny/oneonta/379chestnutst/-1161002137,42.45366,-75.0909,McDonald's,13820,NY,"http://www.mcdonalds.com/?cid=RF:YXT_FM:TP::Yext:Referral,http://mcdonalds.com"
732 State Highway 28,Oneonta,US,us/ny/oneonta/732statehighway28/-864103396,42.446298,-75.054106,Taco Bell,13820,NY,"http://www.tacobell.com,https://locations.tacobell.com/ny/oneonta/732-state-highway-28.html?utm_source=yextandutm_campaign=yextpowerlistingsandutm_medium=referralandutm_term=026365andutm_content=website,https://locations.tacobell.com/ny/oneonta/732-state-highway-28.html?utm_source=yext&utm_campaign=yextpowerlistings&utm_medium=referral&utm_term=026365&utm_content=website"
5044 State Highway 23,Oneonta,US,us/ny/oneonta/5044statehighway23/-2061630068,42.44835,-75.04251,Burger King,13820,NY,"https://locations.bk.com/ny/oneonta/5044-state-highway-23.html,http://www.bk.com"
10389 Airline Hwy,Baton Rouge,US,us/la/batonrouge/10389airlinehwy/1082608893,30.415208,-91.068066,Waffle House,70816,LA,https://locations.wafflehouse.com/la-baton-rouge-155
21182 Salmon Run Mall Loop W Ste 204,Watertown,US,us/ny/watertown/21182salmonrunmallloopwste204/-864103396,43.9765,-75.9516,Taco Bell,13601,NY,http://www.tacobell.com
555 Albany Ave,Kingston,US,us/ny/kingston/555albanyave/-1161002137,41.94418,-73.99704,McDonald's,12401,NY,"http://mcdonalds.com,http://www.mcdonalds.com/?cid=RF:YXT_FM:TP::Yext:Referral"
420 S East Ave,Columbus,US,us/ks/columbus/420seastave/-1161002137,37.16748,-94.8311,McDonald's,66725,KS,http://www.mcdonalds.com
203 N 1st St,Hiawatha,US,us/ks/hiawatha/203n1stst/1780593795,39.85406,-95.52667,SONIC Drive In,66434,KS,"http://sonicdrivein.com,https://locations.sonicdrivein.com/ks/hiawatha/203-n--first.html"
1801 SW Wanamaker Rd Ste VC3,Topeka,US,us/ks/topeka/1801swwanamakerrdstevc3/-345832572,39.03458,-95.76219,Chick-fil-A,66604,KS,http://www.chick-fil-a.com/westridgemall
800 N 3rd St,Manhattan,US,us/ks/manhattan/800n3rdst/1780593795,39.18725,-96.5597,SONIC Drive In,66502,KS,https://locations.sonicdrivein.com/ks/manhattan/800-n--third.html
9460 Quivira Rd,Lenexa,US,us/ks/lenexa/9460quivirard/-2061630068,38.957609,-94.724354,Burger King,66215,KS,http://www.bk.com
4671 Bauer Farm Dr,Lawrence,US,us/ks/lawrence/4671bauerfarmdr/-2061630068,38.97204,-95.30257,Burger King,66049,KS,"http://www.bk.com,https://locations.bk.com/ks/lawrence/4671-bauer-farm-dr.html"
1741 Martin Luther King Jr Blvd,Houma,US,us/la/houma/1741martinlutherkingjrblvd/-345832572,29.61324,-90.75665,Chick-Fil-A,70360,LA,"http://www.chick-fil-a.com,http://www.chick-fil-a.com/houma"
7010 Youree Dr,Shreveport,US,us/la/shreveport/7010youreedr/-345832572,32.44246,-93.71818,Chick-Fil-A,71105,LA,"http://www.chick-fil-a.com,http://www.chick-fil-a.com/youreedrive"
1309 Veterans Memorial Blvd,Kenner,US,us/la/kenner/1309veteransmemorialblvd/-1055723171,30.00635,-90.25073,Dominos Pizza,70062,LA,"http://dominospizza.com,http://www.dominos.com"
1816 E Madison Ave,Bastrop,US,us/la/bastrop/1816emadisonave/-864103396,32.77866,-91.89223,Taco Bell,71220,LA,"https://locations.tacobell.com/la/bastrop/1816-east-madison-street.html?utm_source=yextandutm_campaign=yextpowerlistingsandutm_medium=referralandutm_term=016865andutm_content=website,http://www.tacobell.com"
645 E Kings Hwy,Shreveport,US,us/la/shreveport/645ekingshwy/-864103396,32.47939,-93.71921,Taco Bell,71105,LA,"https://locations.tacobell.com/la/shreveport/645-e--kings-highway.html?utm_source=yextandutm_campaign=yextpowerlistingsandutm_medium=referralandutm_term=028264andutm_content=website,http://www.tacobell.com"
1630 E Bert Kouns Industrial Loop,Shreveport,US,us/la/shreveport/1630ebertkounsindustrialloop/-864103396,32.43122,-93.71468,Taco Bell,71105,LA,"https://locations.tacobell.com/la/shreveport/1630-e-bert-kouns-loop.html?utm_source=yextandutm_campaign=yextpowerlistingsandutm_medium=referralandutm_term=028263andutm_content=website,http://www.tacobell.com"
2800 College Ave,Jackson,US,us/al/jackson/2800collegeave/696490760,31.53814,-87.88643,Hardee's,36545,AL,http://www.hardees.com
13151 N Hickory St,Loxley,US,us/al/loxley/13151nhickoryst/696490760,30.6194,-87.7527,Hardee's,36551,AL,http://www.hardees.com
11423 Highway 49,Gulfport,US,us/al/gulfport/11423highway49/-864103396,30.453644,-89.1003,Taco Bell,39503,AL,http://www.tacobell.com
2207 Moody Parkway,Moody,US,us/al/moody/2207moodyparkway/1241037051,33.573758,-86.518429,Bojangles' Famous Chicken 'n Biscuits,35004,AL,http://www.bojangles.com
51 North Green Rd,Fairhope,US,us/al/fairhope/51northgreenrd/93075755,30.524323,-87.886803,Arby's,36532,AL,http://www.arbys.com
1840 Cherokee Ave SW,Cullman,US,us/al/cullman/1840cherokeeavesw/93075755,34.15291,-86.84075,Arby's,35055,AL,"http://www.arbys.com,https://locations.arbys.com/us/al/cullman/1840-cherokee-ave-sw.html,http://locations.arbys.com/us/al/cullman/1840-cherokee-ave-sw.html"
700 Quintard Dr Ste Fc8,Oxford,US,us/al/oxford/700quintarddrstefc8/-345832572,33.61271,-85.82722,Chick-fil-A,36203,AL,"http://www.chick-fil-a.com/quintardmall,http://www.chick-fil-a.com"
1137 W Bypass,Andalusia,US,us/al/andalusia/1137wbypass/-2061630068,31.29357,-86.50141,Burger King,36420,AL,"http://www.bk.com,https://locations.bk.com/al/andalusia/1137-w-bypass.html,https://www.bk.com"
580 Cahaba Valley Rd,Pelham,US,us/al/pelham/580cahabavalleyrd/-1161002137,33.33505,-86.78324,McDonald's,35124,AL,"http://mcdonalds.com,http://www.mcdonalds.com/?cid=RF:YXT_FM:TP::Yext:Referral"
4575 Orange Beach Blvd Ste 6,Orange Beach,US,us/al/orangebeach/4575orangebeachblvdste6/218249648,30.29151,-87.58177,Bravo Tacos,36561,AL,http://bravotacos.net
2319 Lee Road 427 Suite 1,Phenix City,US,us/al/phenixcity/2319leeroad427suite1/-66712705,32.407818,-85.095085,Pizza Hut,36867,AL,http://www.pizzahut.com
2150 S McKenzie St,Foley,US,us/al/foley/2150smckenziest/1536894814,30.3836,-87.68386,Checkers,36535,AL,"https://locations.checkers.com/al/foley/2150-s.-mckenzie,https://www.checkers.com"
259 French Farms Blvd,Athens,US,us/al/athens/259frenchfarmsblvd/-66712705,34.803604,-86.97073,Pizza Hut,35611,AL,http://www.pizzahut.com
300 Arby Dr Nec I65 Exit 208 At Cr28,Clanton,US,us/al/clanton/300arbydrneci65exit208atcr28/93075755,32.844788,-86.59172,Arby's,35045,AL,"https://locations.arbys.com/us/al/clanton/300-arby-dr.html,http://www.arbys.com,http://locations.arbys.com/us/al/clanton/300-arby-dr.html"
89 College Rd,Fairbanks,US,us/ak/fairbanks/89collegerd/-66712705,64.84024,-147.71043,Pizza Hut,99701,AK,http://www.pizzahut.com
9001 Jewel Lake Rd,Anchorage,US,us/ak/anchorage/9001jewellakerd/-891525969,61.1389389,-149.951375,Subway,99502,AK,http://local.subway.com/FWPCons/frmSiteMainPage.aspx?CC=USA&LC=ENG&SS=7527-0
1299 N Muldoon Rd.,Anchorage,US,us/ak/anchorage/1299nmuldoonrd/1725192761,61.22662692,-149.7408595,Regal Cinemas Tikahtnu  16 IMAX & RPX,99504,AK,"https://www.regmovies.com/theaters/regal-tikahtnu-stadium-16-imax-rpx/C0045706426,http://www.regmovies.com/Theatres/Theatre-Folder/Regal-Tikahtnu-Stadium-16-IMAX-RPX-9021"
320 W 5th Ave,Anchorage,US,us/ak/anchorage/320w5thave/93075755,61.217082,-149.887645,Arby's,99501,AK,
800 E Dimond Blvd 025,Anchorage,US,us/ak/anchorage/800edimondblvd025/93075755,61.14323525,-149.86685425,Arby's,99515,AK,http://www.arbys.com
"44332 Sterling Hwy,",Soldotna,US,us/ak/soldotna/44332sterlinghwy/-66712705,60.48469,-151.0686,Pizza Hut,99669,AK,http://www.pizzahut.com
800 W Northern Lights Blvd,Anchorage,US,us/ak/anchorage/800wnorthernlightsblvd/-1161002137,61.195171,-149.898216,McDonald's,99503,AK,"http://mcdonalds.com,http://www.mcdonalds.com/?cid=RF:YXT_FM:TP::Yext:Referral"
607 W Willoughby Ave,Juneau,US,us/ak/juneau/607wwilloughbyave/-1055723171,58.30058,-134.418406,Domino's Pizza,99801,AK,"https://www.dominos.com/en/?redirect=homepage,https://www.dominos.com/en/?redirect=homepageandutm_source=locallistingsandutm_medium=loclistandutm_campaign=localmaps,https://www.dominos.com/en/?redirect=homepageandutm_source=yextandutm_medium=loclistandutm_campaign=localmaps"
59 College Rd Ste 219,Fairbanks,US,us/ak/fairbanks/59collegerdste219/-1055723171,64.84024,-147.71043,Domino's Pizza,99701,AK,"https://www.dominos.com/en/?redirect=homepage,https://www.dominos.com/en/?redirect=homepageandutm_source=locallistingsandutm_medium=loclistandutm_campaign=localmaps,https://www.dominos.com/en/?redirect=homepageandutm_source=yextandutm_medium=loclistandutm_campaign=localmaps,https://www.dominos.com/en/?redirect=homepage&utm_source=yext&utm_medium=loclist&utm_campaign=localmaps"
11716 Old Glenn Hwy,Eagle River,US,us/ak/eagleriver/11716oldglennhwy/93075755,61.3262,-149.5718,Arby's,99577,AK,"http://www.arbys.com,http://locations.arbys.com/us/ak/eagle-river/11716-old-glenn-hwy.html"
1391 University Ave S,Fairbanks,US,us/ak/fairbanks/1391universityaves/554191587,64.83544,-147.8117,Carl's Jr,99709,AK,http://www.carlsjr.com
1166 N Muldoon Rd,Anchorage,US,us/ak/anchorage/1166nmuldoonrd/-1161002137,61.203697,-149.74467,McDonald's,99504,AK,"http://mcdonalds.com,http://www.mcdonalds.com/?cid=RF:YXT_FM:TP::Yext:Referral"
10447 Spur Hwy,Kenai,US,us/ak/kenai/10447spurhwy/-1161002137,60.55963,-151.23544,McDonalds,99611,AK,http://mcdonalds.com
1859 Airport Way,Fairbanks,US,us/ak/fairbanks/1859airportway/-791445730,64.8366,-147.755,Wendy's,99701,AK,http://www.wendys.com
514 W Cevallos,San Antonio,US,us/tx/sanantonio/514wcevallos/-791445730,29.410728,-98.506837,Wendy's,78204,TX,http://www.wendys.com
95-1860 Meheula Pkwy,Mililani,US,us/hi/mililani/951860meheulapkwy/1143550928,21.4677,-158.00181,McDonald's of Mililani Mauka,96789,HI,http://mcdonalds.com
270 Dairy Rd,Kahului,US,us/hi/kahului/270dairyrd/-2061630068,20.881098,-156.455903,Burger King,96732,HI,"http://www.bk.com,http://bk.com"
1020 Keolu Dr,Kailua,US,us/hi/kailua/1020keoludr/415947181,21.377964126,-157.729193753,L&l Hawaiian Barbecue,96734,HI,http://hawaiianbarbecue.com
74-5452 Makala Blvd,Kailua Kona,US,us/hi/kailuakona/74-5452makalablvd/-1417413044,19.649384,-156.005005,Taco del Mar,96740,HI,
840 Wainee St,Lahaina,US,us/hi/lahaina/840waineest/1684763090,20.877234,-156.678607,Maui Tacos,96761,HI,"http://www.mauitacos.com,http://mauitacos.com"
2100 Kanoelehua Ave,Hilo,US,us/hi/hilo/2100kanoelehuaave/-864103396,19.692339,-155.066366,Taco Bell,96720,HI,"http://www.tacobell.com,https://locations.tacobell.com/hi/hilo/2100-kanoelehua-ave.html?utm_source=yextandutm_campaign=yextpowerlistingsandutm_medium=referralandutm_term=004267andutm_content=website,https://locations.tacobell.com/hi/hilo/2100-kanoelehua-ave.html?utm_source=yext&utm_campaign=yextpowerlistings&utm_medium=referral&utm_term=004267&utm_content=website"
1030 Makolu St,Pearl City,US,us/hi/pearlcity/1030makolust/-791445730,21.408394,-157.96516,Wendy's,96782,HI,"http://www.wendys.com,http://wendys.com"
4440 Kukui Grv,Lihue,US,us/hi/lihue/4440kukuigrv/-2061630068,21.972238782,-159.378915387,Burger King,96766,HI,
70 E Kaahumanu Ave,Kahului,US,us/hi/kahului/70ekaahumanuave/-96666155,20.891616,-156.465949,Baskin-Robbins,96732,HI,"http://www.baskinrobbins.com/,http://www.baskinrobbins.com"
